2025-10-11 23:40:54,385 - SimuladorCIMARQ - INFO - ⚙️ Configuración cargada - Intervalo: 300.0s, Sensores: 3
2025-10-11 23:40:54,386 - SimuladorCIMARQ - INFO - 🚀 Simulador CIMARQ inicializado
2025-10-11 23:40:54,386 - SimuladorCIMARQ - INFO - 🚀 Iniciando simulador continuo CIMARQ
2025-10-11 23:40:54,387 - SimuladorCIMARQ - INFO - 📍 Zona: Central Chile (Valparaíso/Quintay)
2025-10-11 23:40:54,387 - SimuladorCIMARQ - INFO - ⏱️ Intervalo: 300.0s (5.0 min)
2025-10-11 23:40:54,388 - SimuladorCIMARQ - INFO - 🔢 Sensores: 3
2025-10-11 23:40:55,982 - SimuladorCIMARQ - INFO - ✅ MongoDB conectado: cimarq
2025-10-11 23:40:56,758 - SimuladorCIMARQ - INFO - 📡 MQTT conectado: test.mosquitto.org:1883
2025-10-11 23:40:56,767 - SimuladorCIMARQ - INFO - ✅ Simulador iniciado correctamente - Modo 24/7 activo
2025-10-11 23:40:56,767 - SimuladorCIMARQ - INFO - 🔄 Iniciando ciclo de simulación - 3 sensores
2025-10-11 23:40:56,962 - SimuladorCIMARQ - INFO - 📊 sensor_001: T=13.56°C, pH=8.009, O2=6.68mg/L | MongoDB=✅ | MQTT=❌
2025-10-11 23:40:56,968 - SimuladorCIMARQ - INFO - ✅ MQTT broker conectado exitosamente
2025-10-11 23:40:57,140 - SimuladorCIMARQ - INFO - 📊 sensor_002: T=12.58°C, pH=7.963, O2=6.71mg/L | MongoDB=✅ | MQTT=✅
2025-10-11 23:40:57,380 - SimuladorCIMARQ - INFO - 📊 sensor_003: T=13.39°C, pH=7.992, O2=6.49mg/L | MongoDB=✅ | MQTT=✅
2025-10-11 23:40:57,380 - SimuladorCIMARQ - INFO - ✅ Ciclo completado en 0.61s | Éxito: 83.3% (15/18)
2025-10-11 23:40:57,381 - SimuladorCIMARQ - INFO - ⏰ Próximo ciclo: 23:45:56
2025-10-11 23:45:19,716 - SimuladorCIMARQ - INFO - 🛑 Señal de parada recibida, cerrando simulador...
2025-10-11 23:45:20,422 - SimuladorCIMARQ - INFO - 🧹 Cerrando conexiones...
2025-10-11 23:45:20,763 - SimuladorCIMARQ - WARNING - ⚠️ MQTT desconectado, código: 0
2025-10-11 23:45:20,764 - SimuladorCIMARQ - INFO - 📡 MQTT desconectado
2025-10-11 23:45:20,821 - SimuladorCIMARQ - INFO - 💾 MongoDB desconectado
2025-10-11 23:45:20,822 - SimuladorCIMARQ - INFO - ✅ Simulador cerrado correctamente
2025-10-11 23:45:44,557 - SimuladorCIMARQ - INFO - ⚙️ Configuración cargada - Intervalo: 300.0s, Sensores especializados: 3
2025-10-11 23:45:44,558 - SimuladorCIMARQ - INFO - 🚀 Simulador CIMARQ inicializado
2025-10-11 23:45:44,559 - SimuladorCIMARQ - INFO - 🚀 Iniciando simulador continuo CIMARQ
2025-10-11 23:45:44,560 - SimuladorCIMARQ - INFO - 📍 Zona: Central Chile (Valparaíso/Quintay)
2025-10-11 23:45:44,560 - SimuladorCIMARQ - INFO - ⏱️ Intervalo: 300.0s (5.0 min)
2025-10-11 23:45:44,561 - SimuladorCIMARQ - ERROR - 💥 Error fatal: 'SensorSimulator' object has no attribute 'num_sensors'
2025-10-11 23:45:46,283 - SimuladorCIMARQ - INFO - ⚙️ Configuración cargada - Intervalo: 300.0s, Sensores especializados: 3
2025-10-11 23:45:46,284 - SimuladorCIMARQ - INFO - 🚀 Simulador CIMARQ inicializado
2025-10-11 23:45:46,285 - SimuladorCIMARQ - INFO - 🚀 Iniciando simulador continuo CIMARQ
2025-10-11 23:45:46,285 - SimuladorCIMARQ - INFO - 📍 Zona: Central Chile (Valparaíso/Quintay)
2025-10-11 23:45:46,285 - SimuladorCIMARQ - INFO - ⏱️ Intervalo: 300.0s (5.0 min)
2025-10-11 23:45:46,286 - SimuladorCIMARQ - ERROR - 💥 Error fatal: 'SensorSimulator' object has no attribute 'num_sensors'
2025-10-11 23:45:47,969 - SimuladorCIMARQ - INFO - ⚙️ Configuración cargada - Intervalo: 300.0s, Sensores especializados: 3
2025-10-11 23:45:47,970 - SimuladorCIMARQ - INFO - 🚀 Simulador CIMARQ inicializado
2025-10-11 23:45:47,971 - SimuladorCIMARQ - INFO - 🚀 Iniciando simulador continuo CIMARQ
2025-10-11 23:45:47,972 - SimuladorCIMARQ - INFO - 📍 Zona: Central Chile (Valparaíso/Quintay)
2025-10-11 23:45:47,973 - SimuladorCIMARQ - INFO - ⏱️ Intervalo: 300.0s (5.0 min)
2025-10-11 23:45:47,973 - SimuladorCIMARQ - ERROR - 💥 Error fatal: 'SensorSimulator' object has no attribute 'num_sensors'
2025-10-11 23:45:49,780 - SimuladorCIMARQ - INFO - ⚙️ Configuración cargada - Intervalo: 300.0s, Sensores especializados: 3
2025-10-11 23:45:49,781 - SimuladorCIMARQ - INFO - 🚀 Simulador CIMARQ inicializado
2025-10-11 23:45:49,782 - SimuladorCIMARQ - INFO - 🚀 Iniciando simulador continuo CIMARQ
2025-10-11 23:45:49,782 - SimuladorCIMARQ - INFO - 📍 Zona: Central Chile (Valparaíso/Quintay)
2025-10-11 23:45:49,782 - SimuladorCIMARQ - INFO - ⏱️ Intervalo: 300.0s (5.0 min)
2025-10-11 23:45:49,783 - SimuladorCIMARQ - ERROR - 💥 Error fatal: 'SensorSimulator' object has no attribute 'num_sensors'
2025-10-11 23:45:52,089 - SimuladorCIMARQ - INFO - ⚙️ Configuración cargada - Intervalo: 300.0s, Sensores especializados: 3
2025-10-11 23:45:52,090 - SimuladorCIMARQ - INFO - 🚀 Simulador CIMARQ inicializado
2025-10-11 23:45:52,090 - SimuladorCIMARQ - INFO - 🚀 Iniciando simulador continuo CIMARQ
2025-10-11 23:45:52,090 - SimuladorCIMARQ - INFO - 📍 Zona: Central Chile (Valparaíso/Quintay)
2025-10-11 23:45:52,091 - SimuladorCIMARQ - INFO - ⏱️ Intervalo: 300.0s (5.0 min)
2025-10-11 23:45:52,092 - SimuladorCIMARQ - ERROR - 💥 Error fatal: 'SensorSimulator' object has no attribute 'num_sensors'
2025-10-11 23:45:55,158 - SimuladorCIMARQ - INFO - ⚙️ Configuración cargada - Intervalo: 300.0s, Sensores especializados: 3
2025-10-11 23:45:55,159 - SimuladorCIMARQ - INFO - 🚀 Simulador CIMARQ inicializado
2025-10-11 23:45:55,160 - SimuladorCIMARQ - INFO - 🚀 Iniciando simulador continuo CIMARQ
2025-10-11 23:45:55,160 - SimuladorCIMARQ - INFO - 📍 Zona: Central Chile (Valparaíso/Quintay)
2025-10-11 23:45:55,161 - SimuladorCIMARQ - INFO - ⏱️ Intervalo: 300.0s (5.0 min)
2025-10-11 23:45:55,161 - SimuladorCIMARQ - ERROR - 💥 Error fatal: 'SensorSimulator' object has no attribute 'num_sensors'
2025-10-11 23:45:59,774 - SimuladorCIMARQ - INFO - ⚙️ Configuración cargada - Intervalo: 300.0s, Sensores especializados: 3
2025-10-11 23:45:59,776 - SimuladorCIMARQ - INFO - 🚀 Simulador CIMARQ inicializado
2025-10-11 23:45:59,777 - SimuladorCIMARQ - INFO - 🚀 Iniciando simulador continuo CIMARQ
2025-10-11 23:45:59,778 - SimuladorCIMARQ - INFO - 📍 Zona: Central Chile (Valparaíso/Quintay)
2025-10-11 23:45:59,779 - SimuladorCIMARQ - INFO - ⏱️ Intervalo: 300.0s (5.0 min)
2025-10-11 23:45:59,780 - SimuladorCIMARQ - ERROR - 💥 Error fatal: 'SensorSimulator' object has no attribute 'num_sensors'
2025-10-11 23:46:07,745 - SimuladorCIMARQ - INFO - ⚙️ Configuración cargada - Intervalo: 300.0s, Sensores especializados: 3
2025-10-11 23:46:07,746 - SimuladorCIMARQ - INFO - 🚀 Simulador CIMARQ inicializado
2025-10-11 23:46:07,747 - SimuladorCIMARQ - INFO - 🚀 Iniciando simulador continuo CIMARQ
2025-10-11 23:46:07,747 - SimuladorCIMARQ - INFO - 📍 Zona: Central Chile (Valparaíso/Quintay)
2025-10-11 23:46:07,748 - SimuladorCIMARQ - INFO - ⏱️ Intervalo: 300.0s (5.0 min)
2025-10-11 23:46:07,748 - SimuladorCIMARQ - ERROR - 💥 Error fatal: 'SensorSimulator' object has no attribute 'num_sensors'
2025-10-11 23:48:15,943 - SimuladorCIMARQ - INFO - ⚙️ Configuración cargada - Intervalo: 300.0s, Sensores especializados: 3
2025-10-11 23:48:15,944 - SimuladorCIMARQ - INFO - 🚀 Simulador CIMARQ inicializado
2025-10-11 23:48:15,945 - SimuladorCIMARQ - INFO - 🚀 Iniciando simulador continuo CIMARQ
2025-10-11 23:48:15,946 - SimuladorCIMARQ - INFO - 📍 Zona: Central Chile (Valparaíso/Quintay)
2025-10-11 23:48:15,946 - SimuladorCIMARQ - INFO - ⏱️ Intervalo: 300.0s (5.0 min)
2025-10-11 23:48:15,947 - SimuladorCIMARQ - INFO - 🔢 Sensores especializados: 3 (Temperatura, pH, Oxígeno)
2025-10-11 23:48:16,883 - SimuladorCIMARQ - INFO - ✅ MongoDB conectado: cimarq
2025-10-11 23:48:17,336 - SimuladorCIMARQ - INFO - 📡 MQTT conectado: test.mosquitto.org:1883
2025-10-11 23:48:17,337 - SimuladorCIMARQ - INFO - ✅ Simulador iniciado correctamente - Modo 24/7 activo
2025-10-11 23:48:17,338 - SimuladorCIMARQ - INFO - 🔄 Iniciando ciclo de simulación - 3 sensores especializados
2025-10-11 23:48:17,338 - SimuladorCIMARQ - ERROR - 💥 Error crítico en simulación: 'NoneType' object is not subscriptable
2025-10-11 23:48:17,339 - SimuladorCIMARQ - INFO - 🧹 Cerrando conexiones...
2025-10-11 23:48:17,601 - SimuladorCIMARQ - INFO - ✅ MQTT broker conectado exitosamente
2025-10-11 23:48:17,604 - SimuladorCIMARQ - WARNING - ⚠️ MQTT desconectado, código: 0
2025-10-11 23:48:17,605 - SimuladorCIMARQ - INFO - 📡 MQTT desconectado
2025-10-11 23:48:17,663 - SimuladorCIMARQ - INFO - 💾 MongoDB desconectado
2025-10-11 23:48:17,663 - SimuladorCIMARQ - INFO - ✅ Simulador cerrado correctamente
2025-10-11 23:48:19,783 - SimuladorCIMARQ - INFO - ⚙️ Configuración cargada - Intervalo: 300.0s, Sensores especializados: 3
2025-10-11 23:48:19,784 - SimuladorCIMARQ - INFO - 🚀 Simulador CIMARQ inicializado
2025-10-11 23:48:19,784 - SimuladorCIMARQ - INFO - 🚀 Iniciando simulador continuo CIMARQ
2025-10-11 23:48:19,784 - SimuladorCIMARQ - INFO - 📍 Zona: Central Chile (Valparaíso/Quintay)
2025-10-11 23:48:19,785 - SimuladorCIMARQ - INFO - ⏱️ Intervalo: 300.0s (5.0 min)
2025-10-11 23:48:19,832 - SimuladorCIMARQ - INFO - 🔢 Sensores especializados: 3 (Temperatura, pH, Oxígeno)
2025-10-11 23:48:20,561 - SimuladorCIMARQ - INFO - ✅ MongoDB conectado: cimarq
2025-10-11 23:48:20,786 - SimuladorCIMARQ - INFO - 📡 MQTT conectado: test.mosquitto.org:1883
2025-10-11 23:48:20,787 - SimuladorCIMARQ - INFO - ✅ Simulador iniciado correctamente - Modo 24/7 activo
2025-10-11 23:48:20,787 - SimuladorCIMARQ - INFO - 🔄 Iniciando ciclo de simulación - 3 sensores especializados
2025-10-11 23:48:20,788 - SimuladorCIMARQ - ERROR - 💥 Error crítico en simulación: 'NoneType' object is not subscriptable
2025-10-11 23:48:20,789 - SimuladorCIMARQ - INFO - 🧹 Cerrando conexiones...
2025-10-11 23:48:21,017 - SimuladorCIMARQ - INFO - ✅ MQTT broker conectado exitosamente
2025-10-11 23:48:21,018 - SimuladorCIMARQ - WARNING - ⚠️ MQTT desconectado, código: 0
2025-10-11 23:48:21,019 - SimuladorCIMARQ - INFO - 📡 MQTT desconectado
2025-10-11 23:48:21,076 - SimuladorCIMARQ - INFO - 💾 MongoDB desconectado
2025-10-11 23:48:21,077 - SimuladorCIMARQ - INFO - ✅ Simulador cerrado correctamente
2025-10-11 23:48:23,266 - SimuladorCIMARQ - INFO - ⚙️ Configuración cargada - Intervalo: 300.0s, Sensores especializados: 3
2025-10-11 23:48:23,267 - SimuladorCIMARQ - INFO - 🚀 Simulador CIMARQ inicializado
2025-10-11 23:48:23,267 - SimuladorCIMARQ - INFO - 🚀 Iniciando simulador continuo CIMARQ
2025-10-11 23:48:23,268 - SimuladorCIMARQ - INFO - 📍 Zona: Central Chile (Valparaíso/Quintay)
2025-10-11 23:48:23,269 - SimuladorCIMARQ - INFO - ⏱️ Intervalo: 300.0s (5.0 min)
2025-10-11 23:48:23,269 - SimuladorCIMARQ - INFO - 🔢 Sensores especializados: 3 (Temperatura, pH, Oxígeno)
2025-10-11 23:48:24,139 - SimuladorCIMARQ - INFO - ✅ MongoDB conectado: cimarq
2025-10-11 23:48:24,370 - SimuladorCIMARQ - INFO - 📡 MQTT conectado: test.mosquitto.org:1883
2025-10-11 23:48:24,374 - SimuladorCIMARQ - INFO - ✅ Simulador iniciado correctamente - Modo 24/7 activo
2025-10-11 23:48:24,375 - SimuladorCIMARQ - INFO - 🔄 Iniciando ciclo de simulación - 3 sensores especializados
2025-10-11 23:48:24,376 - SimuladorCIMARQ - ERROR - 💥 Error crítico en simulación: 'NoneType' object is not subscriptable
2025-10-11 23:48:24,376 - SimuladorCIMARQ - INFO - 🧹 Cerrando conexiones...
2025-10-11 23:48:24,591 - SimuladorCIMARQ - INFO - ✅ MQTT broker conectado exitosamente
2025-10-11 23:48:24,593 - SimuladorCIMARQ - WARNING - ⚠️ MQTT desconectado, código: 0
2025-10-11 23:48:24,593 - SimuladorCIMARQ - INFO - 📡 MQTT desconectado
2025-10-11 23:48:24,650 - SimuladorCIMARQ - INFO - 💾 MongoDB desconectado
2025-10-11 23:48:24,650 - SimuladorCIMARQ - INFO - ✅ Simulador cerrado correctamente
2025-10-11 23:48:26,851 - SimuladorCIMARQ - INFO - ⚙️ Configuración cargada - Intervalo: 300.0s, Sensores especializados: 3
2025-10-11 23:48:26,851 - SimuladorCIMARQ - INFO - 🚀 Simulador CIMARQ inicializado
2025-10-11 23:48:26,852 - SimuladorCIMARQ - INFO - 🚀 Iniciando simulador continuo CIMARQ
2025-10-11 23:48:26,853 - SimuladorCIMARQ - INFO - 📍 Zona: Central Chile (Valparaíso/Quintay)
2025-10-11 23:48:26,853 - SimuladorCIMARQ - INFO - ⏱️ Intervalo: 300.0s (5.0 min)
2025-10-11 23:48:26,854 - SimuladorCIMARQ - INFO - 🔢 Sensores especializados: 3 (Temperatura, pH, Oxígeno)
2025-10-11 23:48:27,574 - SimuladorCIMARQ - INFO - ✅ MongoDB conectado: cimarq
2025-10-11 23:48:27,807 - SimuladorCIMARQ - INFO - 📡 MQTT conectado: test.mosquitto.org:1883
2025-10-11 23:48:27,808 - SimuladorCIMARQ - INFO - ✅ Simulador iniciado correctamente - Modo 24/7 activo
2025-10-11 23:48:27,809 - SimuladorCIMARQ - INFO - 🔄 Iniciando ciclo de simulación - 3 sensores especializados
2025-10-11 23:48:27,809 - SimuladorCIMARQ - ERROR - 💥 Error crítico en simulación: 'NoneType' object is not subscriptable
2025-10-11 23:48:27,810 - SimuladorCIMARQ - INFO - 🧹 Cerrando conexiones...
2025-10-11 23:48:28,029 - SimuladorCIMARQ - INFO - ✅ MQTT broker conectado exitosamente
2025-10-11 23:48:28,031 - SimuladorCIMARQ - WARNING - ⚠️ MQTT desconectado, código: 0
2025-10-11 23:48:28,031 - SimuladorCIMARQ - INFO - 📡 MQTT desconectado
2025-10-11 23:48:28,090 - SimuladorCIMARQ - INFO - 💾 MongoDB desconectado
2025-10-11 23:48:28,091 - SimuladorCIMARQ - INFO - ✅ Simulador cerrado correctamente
2025-10-11 23:48:30,631 - SimuladorCIMARQ - INFO - ⚙️ Configuración cargada - Intervalo: 300.0s, Sensores especializados: 3
2025-10-11 23:48:30,632 - SimuladorCIMARQ - INFO - 🚀 Simulador CIMARQ inicializado
2025-10-11 23:48:30,633 - SimuladorCIMARQ - INFO - 🚀 Iniciando simulador continuo CIMARQ
2025-10-11 23:48:30,634 - SimuladorCIMARQ - INFO - 📍 Zona: Central Chile (Valparaíso/Quintay)
2025-10-11 23:48:30,634 - SimuladorCIMARQ - INFO - ⏱️ Intervalo: 300.0s (5.0 min)
2025-10-11 23:48:30,635 - SimuladorCIMARQ - INFO - 🔢 Sensores especializados: 3 (Temperatura, pH, Oxígeno)
2025-10-11 23:48:31,812 - SimuladorCIMARQ - INFO - ✅ MongoDB conectado: cimarq
2025-10-11 23:48:32,032 - SimuladorCIMARQ - INFO - 📡 MQTT conectado: test.mosquitto.org:1883
2025-10-11 23:48:32,035 - SimuladorCIMARQ - INFO - ✅ Simulador iniciado correctamente - Modo 24/7 activo
2025-10-11 23:48:32,037 - SimuladorCIMARQ - INFO - 🔄 Iniciando ciclo de simulación - 3 sensores especializados
2025-10-11 23:48:32,038 - SimuladorCIMARQ - ERROR - 💥 Error crítico en simulación: 'NoneType' object is not subscriptable
2025-10-11 23:48:32,040 - SimuladorCIMARQ - INFO - 🧹 Cerrando conexiones...
2025-10-11 23:48:32,245 - SimuladorCIMARQ - INFO - ✅ MQTT broker conectado exitosamente
2025-10-11 23:48:32,247 - SimuladorCIMARQ - WARNING - ⚠️ MQTT desconectado, código: 0
2025-10-11 23:48:32,248 - SimuladorCIMARQ - INFO - 📡 MQTT desconectado
2025-10-11 23:48:32,314 - SimuladorCIMARQ - INFO - 💾 MongoDB desconectado
2025-10-11 23:48:32,315 - SimuladorCIMARQ - INFO - ✅ Simulador cerrado correctamente
2025-10-11 23:48:35,842 - SimuladorCIMARQ - INFO - ⚙️ Configuración cargada - Intervalo: 300.0s, Sensores especializados: 3
2025-10-11 23:48:35,842 - SimuladorCIMARQ - INFO - 🚀 Simulador CIMARQ inicializado
2025-10-11 23:48:35,843 - SimuladorCIMARQ - INFO - 🚀 Iniciando simulador continuo CIMARQ
2025-10-11 23:48:35,843 - SimuladorCIMARQ - INFO - 📍 Zona: Central Chile (Valparaíso/Quintay)
2025-10-11 23:48:35,844 - SimuladorCIMARQ - INFO - ⏱️ Intervalo: 300.0s (5.0 min)
2025-10-11 23:48:35,844 - SimuladorCIMARQ - INFO - 🔢 Sensores especializados: 3 (Temperatura, pH, Oxígeno)
2025-10-11 23:48:36,923 - SimuladorCIMARQ - INFO - ✅ MongoDB conectado: cimarq
2025-10-11 23:48:37,164 - SimuladorCIMARQ - INFO - 📡 MQTT conectado: test.mosquitto.org:1883
2025-10-11 23:48:37,165 - SimuladorCIMARQ - INFO - ✅ Simulador iniciado correctamente - Modo 24/7 activo
2025-10-11 23:48:37,165 - SimuladorCIMARQ - INFO - 🔄 Iniciando ciclo de simulación - 3 sensores especializados
2025-10-11 23:48:37,166 - SimuladorCIMARQ - ERROR - 💥 Error crítico en simulación: 'NoneType' object is not subscriptable
2025-10-11 23:48:37,168 - SimuladorCIMARQ - INFO - 🧹 Cerrando conexiones...
2025-10-11 23:48:37,388 - SimuladorCIMARQ - INFO - ✅ MQTT broker conectado exitosamente
2025-10-11 23:48:37,389 - SimuladorCIMARQ - WARNING - ⚠️ MQTT desconectado, código: 0
2025-10-11 23:48:37,390 - SimuladorCIMARQ - INFO - 📡 MQTT desconectado
2025-10-11 23:48:37,446 - SimuladorCIMARQ - INFO - 💾 MongoDB desconectado
2025-10-11 23:48:37,447 - SimuladorCIMARQ - INFO - ✅ Simulador cerrado correctamente
2025-10-11 23:49:07,876 - SimuladorCIMARQ - INFO - ⚙️ Configuración cargada - Intervalo: 300.0s, Sensores especializados: 3
2025-10-11 23:49:07,876 - SimuladorCIMARQ - INFO - 🚀 Simulador CIMARQ inicializado
2025-10-11 23:49:07,877 - SimuladorCIMARQ - INFO - 🚀 Iniciando simulador continuo CIMARQ
2025-10-11 23:49:07,878 - SimuladorCIMARQ - INFO - 📍 Zona: Central Chile (Valparaíso/Quintay)
2025-10-11 23:49:07,879 - SimuladorCIMARQ - INFO - ⏱️ Intervalo: 300.0s (5.0 min)
2025-10-11 23:49:07,879 - SimuladorCIMARQ - INFO - 🔢 Sensores especializados: 3 (Temperatura, pH, Oxígeno)
2025-10-11 23:49:08,685 - SimuladorCIMARQ - INFO - ✅ MongoDB conectado: cimarq
2025-10-11 23:49:08,916 - SimuladorCIMARQ - INFO - 📡 MQTT conectado: test.mosquitto.org:1883
2025-10-11 23:49:08,917 - SimuladorCIMARQ - INFO - ✅ Simulador iniciado correctamente - Modo 24/7 activo
2025-10-11 23:49:08,918 - SimuladorCIMARQ - INFO - 🔄 Iniciando ciclo de simulación - 3 sensores especializados
2025-10-11 23:49:09,097 - SimuladorCIMARQ - INFO - 🌡️ TEMP Sensor (CIMARQ_TEMP_001): 13.6°C | MongoDB=✅ | MQTT=❌
2025-10-11 23:49:09,098 - SimuladorCIMARQ - INFO - ⚗️ pH Sensor (CIMARQ_PH_001): 7.938 | MongoDB=✅ | MQTT=❌
2025-10-11 23:49:09,099 - SimuladorCIMARQ - INFO - 🫧 O2 Sensor (CIMARQ_O2_001): 6.24 mg/L | MongoDB=✅ | MQTT=❌
2025-10-11 23:49:09,101 - SimuladorCIMARQ - INFO - ✅ Ciclo completado en 0.18s | Éxito: 50.0% (3/6)
2025-10-11 23:49:09,102 - SimuladorCIMARQ - INFO - ⏰ Próximo ciclo: 23:54:08
2025-10-11 23:49:09,141 - SimuladorCIMARQ - INFO - ✅ MQTT broker conectado exitosamente
2025-10-11 23:54:09,158 - SimuladorCIMARQ - INFO - 🔄 Iniciando ciclo de simulación - 3 sensores especializados
2025-10-11 23:54:09,338 - SimuladorCIMARQ - INFO - 🌡️ TEMP Sensor (CIMARQ_TEMP_001): 13.58°C | MongoDB=✅ | MQTT=✅
2025-10-11 23:54:09,339 - SimuladorCIMARQ - INFO - ⚗️ pH Sensor (CIMARQ_PH_001): 7.94 | MongoDB=✅ | MQTT=✅
2025-10-11 23:54:09,340 - SimuladorCIMARQ - INFO - 🫧 O2 Sensor (CIMARQ_O2_001): 6.27 mg/L | MongoDB=✅ | MQTT=✅
2025-10-11 23:54:09,340 - SimuladorCIMARQ - INFO - ✅ Ciclo completado en 0.18s | Éxito: 100.0% (6/6)
2025-10-11 23:54:09,341 - SimuladorCIMARQ - INFO - ⏰ Próximo ciclo: 23:59:09
2025-10-11 23:59:09,405 - SimuladorCIMARQ - INFO - 🔄 Iniciando ciclo de simulación - 3 sensores especializados
2025-10-11 23:59:09,589 - SimuladorCIMARQ - INFO - 🌡️ TEMP Sensor (CIMARQ_TEMP_001): 13.42°C | MongoDB=✅ | MQTT=✅
2025-10-11 23:59:09,590 - SimuladorCIMARQ - INFO - ⚗️ pH Sensor (CIMARQ_PH_001): 7.932 | MongoDB=✅ | MQTT=✅
2025-10-11 23:59:09,592 - SimuladorCIMARQ - INFO - 🫧 O2 Sensor (CIMARQ_O2_001): 6.27 mg/L | MongoDB=✅ | MQTT=✅
2025-10-11 23:59:09,593 - SimuladorCIMARQ - INFO - ✅ Ciclo completado en 0.19s | Éxito: 100.0% (6/6)
2025-10-11 23:59:09,594 - SimuladorCIMARQ - INFO - ⏰ Próximo ciclo: 00:04:09
2025-10-12 00:04:09,669 - SimuladorCIMARQ - INFO - 🔄 Iniciando ciclo de simulación - 3 sensores especializados
2025-10-12 00:04:09,851 - SimuladorCIMARQ - INFO - 🌡️ TEMP Sensor (CIMARQ_TEMP_001): 13.44°C | MongoDB=✅ | MQTT=✅
2025-10-12 00:04:09,852 - SimuladorCIMARQ - INFO - ⚗️ pH Sensor (CIMARQ_PH_001): 7.897 | MongoDB=✅ | MQTT=✅
2025-10-12 00:04:09,853 - SimuladorCIMARQ - INFO - 🫧 O2 Sensor (CIMARQ_O2_001): 5.91 mg/L | MongoDB=✅ | MQTT=✅
2025-10-12 00:04:09,853 - SimuladorCIMARQ - INFO - ✅ Ciclo completado en 0.18s | Éxito: 100.0% (6/6)
2025-10-12 00:04:09,854 - SimuladorCIMARQ - INFO - ⏰ Próximo ciclo: 00:09:09
2025-10-12 00:09:09,910 - SimuladorCIMARQ - INFO - 🔄 Iniciando ciclo de simulación - 3 sensores especializados
2025-10-12 00:09:10,094 - SimuladorCIMARQ - INFO - 🌡️ TEMP Sensor (CIMARQ_TEMP_001): 13.31°C | MongoDB=✅ | MQTT=✅
2025-10-12 00:09:10,095 - SimuladorCIMARQ - INFO - ⚗️ pH Sensor (CIMARQ_PH_001): 7.885 | MongoDB=✅ | MQTT=✅
2025-10-12 00:09:10,095 - SimuladorCIMARQ - INFO - 🫧 O2 Sensor (CIMARQ_O2_001): 5.95 mg/L | MongoDB=✅ | MQTT=✅
2025-10-12 00:09:10,096 - SimuladorCIMARQ - INFO - ✅ Ciclo completado en 0.19s | Éxito: 100.0% (6/6)
2025-10-12 00:09:10,097 - SimuladorCIMARQ - INFO - ⏰ Próximo ciclo: 00:14:09
2025-10-12 00:14:10,155 - SimuladorCIMARQ - INFO - 🔄 Iniciando ciclo de simulación - 3 sensores especializados
2025-10-12 00:14:10,344 - SimuladorCIMARQ - INFO - 🌡️ TEMP Sensor (CIMARQ_TEMP_001): 13.37°C | MongoDB=✅ | MQTT=✅
2025-10-12 00:14:10,345 - SimuladorCIMARQ - INFO - ⚗️ pH Sensor (CIMARQ_PH_001): 7.892 | MongoDB=✅ | MQTT=✅
2025-10-12 00:14:10,346 - SimuladorCIMARQ - INFO - 🫧 O2 Sensor (CIMARQ_O2_001): 5.93 mg/L | MongoDB=✅ | MQTT=✅
2025-10-12 00:14:10,346 - SimuladorCIMARQ - INFO - ✅ Ciclo completado en 0.19s | Éxito: 100.0% (6/6)
2025-10-12 00:14:10,347 - SimuladorCIMARQ - INFO - ⏰ Próximo ciclo: 00:19:10
2025-10-12 00:19:10,399 - SimuladorCIMARQ - INFO - 🔄 Iniciando ciclo de simulación - 3 sensores especializados
2025-10-12 00:19:10,582 - SimuladorCIMARQ - INFO - 🌡️ TEMP Sensor (CIMARQ_TEMP_001): 13.49°C | MongoDB=✅ | MQTT=✅
2025-10-12 00:19:10,583 - SimuladorCIMARQ - INFO - ⚗️ pH Sensor (CIMARQ_PH_001): 7.9 | MongoDB=✅ | MQTT=✅
2025-10-12 00:19:10,583 - SimuladorCIMARQ - INFO - 🫧 O2 Sensor (CIMARQ_O2_001): 5.9 mg/L | MongoDB=✅ | MQTT=✅
2025-10-12 00:19:10,584 - SimuladorCIMARQ - INFO - ✅ Ciclo completado en 0.18s | Éxito: 100.0% (6/6)
2025-10-12 00:19:10,584 - SimuladorCIMARQ - INFO - ⏰ Próximo ciclo: 00:24:10
2025-10-12 00:24:10,639 - SimuladorCIMARQ - INFO - 🔄 Iniciando ciclo de simulación - 3 sensores especializados
2025-10-12 00:24:10,826 - SimuladorCIMARQ - INFO - 🌡️ TEMP Sensor (CIMARQ_TEMP_001): 13.45°C | MongoDB=✅ | MQTT=✅
2025-10-12 00:24:10,829 - SimuladorCIMARQ - INFO - ⚗️ pH Sensor (CIMARQ_PH_001): 7.889 | MongoDB=✅ | MQTT=✅
2025-10-12 00:24:10,830 - SimuladorCIMARQ - INFO - 🫧 O2 Sensor (CIMARQ_O2_001): 5.93 mg/L | MongoDB=✅ | MQTT=✅
2025-10-12 00:24:10,830 - SimuladorCIMARQ - INFO - ✅ Ciclo completado en 0.19s | Éxito: 100.0% (6/6)
2025-10-12 00:24:10,831 - SimuladorCIMARQ - INFO - ⏰ Próximo ciclo: 00:29:10
2025-10-12 00:29:10,885 - SimuladorCIMARQ - INFO - 🔄 Iniciando ciclo de simulación - 3 sensores especializados
2025-10-12 00:29:11,068 - SimuladorCIMARQ - INFO - 🌡️ TEMP Sensor (CIMARQ_TEMP_001): 13.5°C | MongoDB=✅ | MQTT=✅
2025-10-12 00:29:11,069 - SimuladorCIMARQ - INFO - ⚗️ pH Sensor (CIMARQ_PH_001): 7.896 | MongoDB=✅ | MQTT=✅
2025-10-12 00:29:11,070 - SimuladorCIMARQ - INFO - 🫧 O2 Sensor (CIMARQ_O2_001): 5.95 mg/L | MongoDB=✅ | MQTT=✅
2025-10-12 00:29:11,071 - SimuladorCIMARQ - INFO - ✅ Ciclo completado en 0.19s | Éxito: 100.0% (6/6)
2025-10-12 00:29:11,072 - SimuladorCIMARQ - INFO - ⏰ Próximo ciclo: 00:34:10
2025-10-12 00:34:11,128 - SimuladorCIMARQ - INFO - 🔄 Iniciando ciclo de simulación - 3 sensores especializados
2025-10-12 00:34:11,315 - SimuladorCIMARQ - INFO - 🌡️ TEMP Sensor (CIMARQ_TEMP_001): 13.43°C | MongoDB=✅ | MQTT=✅
2025-10-12 00:34:11,316 - SimuladorCIMARQ - INFO - ⚗️ pH Sensor (CIMARQ_PH_001): 7.904 | MongoDB=✅ | MQTT=✅
2025-10-12 00:34:11,317 - SimuladorCIMARQ - INFO - 🫧 O2 Sensor (CIMARQ_O2_001): 5.95 mg/L | MongoDB=✅ | MQTT=✅
2025-10-12 00:34:11,317 - SimuladorCIMARQ - INFO - ✅ Ciclo completado en 0.19s | Éxito: 100.0% (6/6)
2025-10-12 00:34:11,318 - SimuladorCIMARQ - INFO - ⏰ Próximo ciclo: 00:39:11
2025-10-12 00:39:11,364 - SimuladorCIMARQ - INFO - 🔄 Iniciando ciclo de simulación - 3 sensores especializados
2025-10-12 00:39:11,550 - SimuladorCIMARQ - INFO - 🌡️ TEMP Sensor (CIMARQ_TEMP_001): 13.47°C | MongoDB=✅ | MQTT=✅
2025-10-12 00:39:11,551 - SimuladorCIMARQ - INFO - ⚗️ pH Sensor (CIMARQ_PH_001): 7.906 | MongoDB=✅ | MQTT=✅
2025-10-12 00:39:11,552 - SimuladorCIMARQ - INFO - 🫧 O2 Sensor (CIMARQ_O2_001): 5.98 mg/L | MongoDB=✅ | MQTT=✅
2025-10-12 00:39:11,552 - SimuladorCIMARQ - INFO - ✅ Ciclo completado en 0.19s | Éxito: 100.0% (6/6)
2025-10-12 00:39:11,553 - SimuladorCIMARQ - INFO - ⏰ Próximo ciclo: 00:44:11
2025-10-12 00:44:11,596 - SimuladorCIMARQ - INFO - 🔄 Iniciando ciclo de simulación - 3 sensores especializados
2025-10-12 00:44:11,821 - SimuladorCIMARQ - INFO - 🌡️ TEMP Sensor (CIMARQ_TEMP_001): 13.42°C | MongoDB=✅ | MQTT=✅
2025-10-12 00:44:11,822 - SimuladorCIMARQ - INFO - ⚗️ pH Sensor (CIMARQ_PH_001): 7.909 | MongoDB=✅ | MQTT=✅
2025-10-12 00:44:11,823 - SimuladorCIMARQ - INFO - 🫧 O2 Sensor (CIMARQ_O2_001): 5.96 mg/L | MongoDB=✅ | MQTT=✅
2025-10-12 00:44:11,825 - SimuladorCIMARQ - INFO - ✅ Ciclo completado en 0.23s | Éxito: 100.0% (6/6)
2025-10-12 00:44:11,826 - SimuladorCIMARQ - INFO - ⏰ Próximo ciclo: 00:49:11
2025-10-12 00:49:11,903 - SimuladorCIMARQ - INFO - 🔄 Iniciando ciclo de simulación - 3 sensores especializados
2025-10-12 00:49:12,086 - SimuladorCIMARQ - INFO - 🌡️ TEMP Sensor (CIMARQ_TEMP_001): 13.34°C | MongoDB=✅ | MQTT=✅
2025-10-12 00:49:12,087 - SimuladorCIMARQ - INFO - ⚗️ pH Sensor (CIMARQ_PH_001): 7.916 | MongoDB=✅ | MQTT=✅
2025-10-12 00:49:12,088 - SimuladorCIMARQ - INFO - 🫧 O2 Sensor (CIMARQ_O2_001): 5.94 mg/L | MongoDB=✅ | MQTT=✅
2025-10-12 00:49:12,089 - SimuladorCIMARQ - INFO - ✅ Ciclo completado en 0.19s | Éxito: 100.0% (6/6)
2025-10-12 00:49:12,089 - SimuladorCIMARQ - INFO - ⏰ Próximo ciclo: 00:54:11
2025-10-12 00:54:12,170 - SimuladorCIMARQ - INFO - 🔄 Iniciando ciclo de simulación - 3 sensores especializados
2025-10-12 00:54:12,361 - SimuladorCIMARQ - INFO - 🌡️ TEMP Sensor (CIMARQ_TEMP_001): 13.4°C | MongoDB=✅ | MQTT=✅
2025-10-12 00:54:12,362 - SimuladorCIMARQ - INFO - ⚗️ pH Sensor (CIMARQ_PH_001): 7.913 | MongoDB=✅ | MQTT=✅
2025-10-12 00:54:12,363 - SimuladorCIMARQ - INFO - 🫧 O2 Sensor (CIMARQ_O2_001): 5.94 mg/L | MongoDB=✅ | MQTT=✅
2025-10-12 00:54:12,364 - SimuladorCIMARQ - INFO - ✅ Ciclo completado en 0.19s | Éxito: 100.0% (6/6)
2025-10-12 00:54:12,364 - SimuladorCIMARQ - INFO - ⏰ Próximo ciclo: 00:59:12
2025-10-12 00:59:12,443 - SimuladorCIMARQ - INFO - 🔄 Iniciando ciclo de simulación - 3 sensores especializados
2025-10-12 00:59:12,628 - SimuladorCIMARQ - INFO - 🌡️ TEMP Sensor (CIMARQ_TEMP_001): 13.42°C | MongoDB=✅ | MQTT=✅
2025-10-12 00:59:12,630 - SimuladorCIMARQ - INFO - ⚗️ pH Sensor (CIMARQ_PH_001): 7.913 | MongoDB=✅ | MQTT=✅
2025-10-12 00:59:12,630 - SimuladorCIMARQ - INFO - 🫧 O2 Sensor (CIMARQ_O2_001): 5.99 mg/L | MongoDB=✅ | MQTT=✅
2025-10-12 00:59:12,631 - SimuladorCIMARQ - INFO - ✅ Ciclo completado en 0.19s | Éxito: 100.0% (6/6)
2025-10-12 00:59:12,632 - SimuladorCIMARQ - INFO - ⏰ Próximo ciclo: 01:04:12
2025-10-12 01:04:12,706 - SimuladorCIMARQ - INFO - 🔄 Iniciando ciclo de simulación - 3 sensores especializados
2025-10-12 01:04:12,888 - SimuladorCIMARQ - INFO - 🌡️ TEMP Sensor (CIMARQ_TEMP_001): 13.54°C | MongoDB=✅ | MQTT=✅
2025-10-12 01:04:12,889 - SimuladorCIMARQ - INFO - ⚗️ pH Sensor (CIMARQ_PH_001): 7.871 | MongoDB=✅ | MQTT=✅
2025-10-12 01:04:12,890 - SimuladorCIMARQ - INFO - 🫧 O2 Sensor (CIMARQ_O2_001): 5.74 mg/L | MongoDB=✅ | MQTT=✅
2025-10-12 01:04:12,890 - SimuladorCIMARQ - INFO - ✅ Ciclo completado en 0.18s | Éxito: 100.0% (6/6)
2025-10-12 01:04:12,891 - SimuladorCIMARQ - INFO - ⏰ Próximo ciclo: 01:09:12
2025-10-12 01:09:12,951 - SimuladorCIMARQ - INFO - 🔄 Iniciando ciclo de simulación - 3 sensores especializados
2025-10-12 01:09:13,133 - SimuladorCIMARQ - INFO - 🌡️ TEMP Sensor (CIMARQ_TEMP_001): 13.53°C | MongoDB=✅ | MQTT=✅
2025-10-12 01:09:13,134 - SimuladorCIMARQ - INFO - ⚗️ pH Sensor (CIMARQ_PH_001): 7.882 | MongoDB=✅ | MQTT=✅
2025-10-12 01:09:13,134 - SimuladorCIMARQ - INFO - 🫧 O2 Sensor (CIMARQ_O2_001): 5.72 mg/L | MongoDB=✅ | MQTT=✅
2025-10-12 01:09:13,135 - SimuladorCIMARQ - INFO - ✅ Ciclo completado en 0.18s | Éxito: 100.0% (6/6)
2025-10-12 01:09:13,135 - SimuladorCIMARQ - INFO - ⏰ Próximo ciclo: 01:14:12
2025-10-12 01:14:13,221 - SimuladorCIMARQ - INFO - 🔄 Iniciando ciclo de simulación - 3 sensores especializados
2025-10-12 01:14:13,410 - SimuladorCIMARQ - INFO - 🌡️ TEMP Sensor (CIMARQ_TEMP_001): 13.53°C | MongoDB=✅ | MQTT=✅
2025-10-12 01:14:13,411 - SimuladorCIMARQ - INFO - ⚗️ pH Sensor (CIMARQ_PH_001): 7.886 | MongoDB=✅ | MQTT=✅
2025-10-12 01:14:13,412 - SimuladorCIMARQ - INFO - 🫧 O2 Sensor (CIMARQ_O2_001): 5.7 mg/L | MongoDB=✅ | MQTT=✅
2025-10-12 01:14:13,413 - SimuladorCIMARQ - INFO - ✅ Ciclo completado en 0.19s | Éxito: 100.0% (6/6)
2025-10-12 01:14:13,413 - SimuladorCIMARQ - INFO - ⏰ Próximo ciclo: 01:19:13
2025-10-12 01:14:19,987 - SimuladorCIMARQ - INFO - 🛑 Señal de parada recibida, cerrando simulador...
2025-10-12 01:14:20,416 - SimuladorCIMARQ - INFO - 🧹 Cerrando conexiones...
2025-10-12 01:14:20,648 - SimuladorCIMARQ - WARNING - ⚠️ MQTT desconectado, código: 0
2025-10-12 01:14:20,650 - SimuladorCIMARQ - INFO - 📡 MQTT desconectado
2025-10-12 01:14:20,720 - SimuladorCIMARQ - INFO - 💾 MongoDB desconectado
2025-10-12 01:14:20,720 - SimuladorCIMARQ - INFO - ✅ Simulador cerrado correctamente
2025-10-12 01:16:12,613 - SimuladorCIMARQ - INFO - ⚙️ Configuración cargada - Intervalo: 300.0s, Sensores especializados: 3
2025-10-12 01:16:12,614 - SimuladorCIMARQ - INFO - 🚀 Simulador CIMARQ inicializado
2025-10-12 01:16:12,615 - SimuladorCIMARQ - INFO - 🚀 Iniciando simulador continuo CIMARQ
2025-10-12 01:16:12,615 - SimuladorCIMARQ - INFO - 📍 Zona: Central Chile (Valparaíso/Quintay)
2025-10-12 01:16:12,616 - SimuladorCIMARQ - INFO - ⏱️ Intervalo: 300.0s (5.0 min)
2025-10-12 01:16:12,617 - SimuladorCIMARQ - INFO - 🔢 Sensores especializados: 3 (Temperatura, pH, Oxígeno)
2025-10-12 01:16:13,438 - SimuladorCIMARQ - INFO - ✅ MongoDB conectado: cimarq
2025-10-12 01:16:14,089 - SimuladorCIMARQ - INFO - 📡 MQTT conectado: test.mosquitto.org:1883
2025-10-12 01:16:14,090 - SimuladorCIMARQ - INFO - ✅ Simulador iniciado correctamente - Modo 24/7 activo
2025-10-12 01:16:14,090 - SimuladorCIMARQ - INFO - 🔄 Iniciando ciclo de simulación - 3 sensores especializados
2025-10-12 01:16:14,273 - SimuladorCIMARQ - INFO - 🌡️ TEMP Sensor (CIMARQ_TEMP_001): 12.88°C | MongoDB=✅ | MQTT=❌
2025-10-12 01:16:14,274 - SimuladorCIMARQ - INFO - ⚗️ pH Sensor (CIMARQ_PH_001): 7.884 | MongoDB=✅ | MQTT=❌
2025-10-12 01:16:14,274 - SimuladorCIMARQ - INFO - 🫧 O2 Sensor (CIMARQ_O2_001): 6.09 mg/L | MongoDB=✅ | MQTT=❌
2025-10-12 01:16:14,275 - SimuladorCIMARQ - INFO - ✅ Ciclo completado en 0.18s | Éxito: 50.0% (3/6)
2025-10-12 01:16:14,276 - SimuladorCIMARQ - INFO - ⏰ Próximo ciclo: 01:21:14
2025-10-12 01:16:14,317 - SimuladorCIMARQ - INFO - ✅ MQTT broker conectado exitosamente
2025-10-12 01:21:14,332 - SimuladorCIMARQ - INFO - 🔄 Iniciando ciclo de simulación - 3 sensores especializados
2025-10-12 01:21:14,525 - SimuladorCIMARQ - INFO - 🌡️ TEMP Sensor (CIMARQ_TEMP_001): 12.79°C | MongoDB=✅ | MQTT=✅
2025-10-12 01:21:14,527 - SimuladorCIMARQ - INFO - ⚗️ pH Sensor (CIMARQ_PH_001): 7.889 | MongoDB=✅ | MQTT=✅
2025-10-12 01:21:14,527 - SimuladorCIMARQ - INFO - 🫧 O2 Sensor (CIMARQ_O2_001): 6.13 mg/L | MongoDB=✅ | MQTT=✅
2025-10-12 01:21:14,528 - SimuladorCIMARQ - INFO - ✅ Ciclo completado en 0.20s | Éxito: 100.0% (6/6)
2025-10-12 01:21:14,529 - SimuladorCIMARQ - INFO - ⏰ Próximo ciclo: 01:26:14
2025-10-12 01:26:14,560 - SimuladorCIMARQ - INFO - 🔄 Iniciando ciclo de simulación - 3 sensores especializados
2025-10-12 01:26:14,775 - SimuladorCIMARQ - INFO - 🌡️ TEMP Sensor (CIMARQ_TEMP_001): 12.86°C | MongoDB=✅ | MQTT=✅
2025-10-12 01:26:14,776 - SimuladorCIMARQ - INFO - ⚗️ pH Sensor (CIMARQ_PH_001): 7.898 | MongoDB=✅ | MQTT=✅
2025-10-12 01:26:14,776 - SimuladorCIMARQ - INFO - 🫧 O2 Sensor (CIMARQ_O2_001): 6.11 mg/L | MongoDB=✅ | MQTT=✅
2025-10-12 01:26:14,777 - SimuladorCIMARQ - INFO - ✅ Ciclo completado en 0.22s | Éxito: 100.0% (6/6)
2025-10-12 01:26:14,778 - SimuladorCIMARQ - INFO - ⏰ Próximo ciclo: 01:31:14
2025-10-12 01:31:14,809 - SimuladorCIMARQ - INFO - 🔄 Iniciando ciclo de simulación - 3 sensores especializados
2025-10-12 01:31:15,002 - SimuladorCIMARQ - INFO - 🌡️ TEMP Sensor (CIMARQ_TEMP_001): 12.84°C | MongoDB=✅ | MQTT=✅
2025-10-12 01:31:15,003 - SimuladorCIMARQ - INFO - ⚗️ pH Sensor (CIMARQ_PH_001): 7.906 | MongoDB=✅ | MQTT=✅
2025-10-12 01:31:15,004 - SimuladorCIMARQ - INFO - 🫧 O2 Sensor (CIMARQ_O2_001): 6.1 mg/L | MongoDB=✅ | MQTT=✅
2025-10-12 01:31:15,004 - SimuladorCIMARQ - INFO - ✅ Ciclo completado en 0.20s | Éxito: 100.0% (6/6)
2025-10-12 01:31:15,005 - SimuladorCIMARQ - INFO - ⏰ Próximo ciclo: 01:36:14
2025-10-12 01:36:15,036 - SimuladorCIMARQ - INFO - 🔄 Iniciando ciclo de simulación - 3 sensores especializados
2025-10-12 01:36:15,226 - SimuladorCIMARQ - INFO - 🌡️ TEMP Sensor (CIMARQ_TEMP_001): 12.79°C | MongoDB=✅ | MQTT=✅
2025-10-12 01:36:15,227 - SimuladorCIMARQ - INFO - ⚗️ pH Sensor (CIMARQ_PH_001): 7.906 | MongoDB=✅ | MQTT=✅
2025-10-12 01:36:15,228 - SimuladorCIMARQ - INFO - 🫧 O2 Sensor (CIMARQ_O2_001): 6.11 mg/L | MongoDB=✅ | MQTT=✅
2025-10-12 01:36:15,228 - SimuladorCIMARQ - INFO - ✅ Ciclo completado en 0.19s | Éxito: 100.0% (6/6)
2025-10-12 01:36:15,229 - SimuladorCIMARQ - INFO - ⏰ Próximo ciclo: 01:41:15
2025-10-12 01:41:15,262 - SimuladorCIMARQ - INFO - 🔄 Iniciando ciclo de simulación - 3 sensores especializados
2025-10-12 01:41:15,443 - SimuladorCIMARQ - INFO - 🌡️ TEMP Sensor (CIMARQ_TEMP_001): 12.81°C | MongoDB=✅ | MQTT=✅
2025-10-12 01:41:15,444 - SimuladorCIMARQ - INFO - ⚗️ pH Sensor (CIMARQ_PH_001): 7.915 | MongoDB=✅ | MQTT=✅
2025-10-12 01:41:15,444 - SimuladorCIMARQ - INFO - 🫧 O2 Sensor (CIMARQ_O2_001): 6.14 mg/L | MongoDB=✅ | MQTT=✅
2025-10-12 01:41:15,445 - SimuladorCIMARQ - INFO - ✅ Ciclo completado en 0.18s | Éxito: 100.0% (6/6)
2025-10-12 01:41:15,445 - SimuladorCIMARQ - INFO - ⏰ Próximo ciclo: 01:46:15
2025-10-12 01:46:15,471 - SimuladorCIMARQ - INFO - 🔄 Iniciando ciclo de simulación - 3 sensores especializados
2025-10-12 01:46:15,655 - SimuladorCIMARQ - INFO - 🌡️ TEMP Sensor (CIMARQ_TEMP_001): 12.75°C | MongoDB=✅ | MQTT=✅
2025-10-12 01:46:15,656 - SimuladorCIMARQ - INFO - ⚗️ pH Sensor (CIMARQ_PH_001): 7.917 | MongoDB=✅ | MQTT=✅
2025-10-12 01:46:15,656 - SimuladorCIMARQ - INFO - 🫧 O2 Sensor (CIMARQ_O2_001): 6.12 mg/L | MongoDB=✅ | MQTT=✅
2025-10-12 01:46:15,656 - SimuladorCIMARQ - INFO - ✅ Ciclo completado en 0.19s | Éxito: 100.0% (6/6)
2025-10-12 01:46:15,657 - SimuladorCIMARQ - INFO - ⏰ Próximo ciclo: 01:51:15
2025-10-12 01:51:15,706 - SimuladorCIMARQ - INFO - 🔄 Iniciando ciclo de simulación - 3 sensores especializados
2025-10-12 01:51:15,891 - SimuladorCIMARQ - INFO - 🌡️ TEMP Sensor (CIMARQ_TEMP_001): 12.79°C | MongoDB=✅ | MQTT=✅
2025-10-12 01:51:15,892 - SimuladorCIMARQ - INFO - ⚗️ pH Sensor (CIMARQ_PH_001): 7.922 | MongoDB=✅ | MQTT=✅
2025-10-12 01:51:15,892 - SimuladorCIMARQ - INFO - 🫧 O2 Sensor (CIMARQ_O2_001): 6.13 mg/L | MongoDB=✅ | MQTT=✅
2025-10-12 01:51:15,893 - SimuladorCIMARQ - INFO - ✅ Ciclo completado en 0.19s | Éxito: 100.0% (6/6)
2025-10-12 01:51:15,893 - SimuladorCIMARQ - INFO - ⏰ Próximo ciclo: 01:56:15
2025-10-12 01:56:15,924 - SimuladorCIMARQ - INFO - 🔄 Iniciando ciclo de simulación - 3 sensores especializados
2025-10-12 01:56:16,109 - SimuladorCIMARQ - INFO - 🌡️ TEMP Sensor (CIMARQ_TEMP_001): 12.8°C | MongoDB=✅ | MQTT=✅
2025-10-12 01:56:16,110 - SimuladorCIMARQ - INFO - ⚗️ pH Sensor (CIMARQ_PH_001): 7.919 | MongoDB=✅ | MQTT=✅
2025-10-12 01:56:16,111 - SimuladorCIMARQ - INFO - 🫧 O2 Sensor (CIMARQ_O2_001): 6.11 mg/L | MongoDB=✅ | MQTT=✅
2025-10-12 01:56:16,112 - SimuladorCIMARQ - INFO - ✅ Ciclo completado en 0.19s | Éxito: 100.0% (6/6)
2025-10-12 01:56:16,113 - SimuladorCIMARQ - INFO - ⏰ Próximo ciclo: 02:01:15
2025-10-12 02:01:16,160 - SimuladorCIMARQ - INFO - 🔄 Iniciando ciclo de simulación - 3 sensores especializados
2025-10-12 02:01:16,358 - SimuladorCIMARQ - INFO - 🌡️ TEMP Sensor (CIMARQ_TEMP_001): 13.0°C | MongoDB=✅ | MQTT=✅
2025-10-12 02:01:16,359 - SimuladorCIMARQ - INFO - ⚗️ pH Sensor (CIMARQ_PH_001): 7.895 | MongoDB=✅ | MQTT=✅
2025-10-12 02:01:16,360 - SimuladorCIMARQ - INFO - 🫧 O2 Sensor (CIMARQ_O2_001): 5.96 mg/L | MongoDB=✅ | MQTT=✅
2025-10-12 02:01:16,361 - SimuladorCIMARQ - INFO - ✅ Ciclo completado en 0.20s | Éxito: 100.0% (6/6)
2025-10-12 02:01:16,361 - SimuladorCIMARQ - INFO - ⏰ Próximo ciclo: 02:06:16
2025-10-12 02:06:16,409 - SimuladorCIMARQ - INFO - 🔄 Iniciando ciclo de simulación - 3 sensores especializados
2025-10-12 02:06:16,600 - SimuladorCIMARQ - INFO - 🌡️ TEMP Sensor (CIMARQ_TEMP_001): 13.05°C | MongoDB=✅ | MQTT=✅
2025-10-12 02:06:16,600 - SimuladorCIMARQ - INFO - ⚗️ pH Sensor (CIMARQ_PH_001): 7.887 | MongoDB=✅ | MQTT=✅
2025-10-12 02:06:16,601 - SimuladorCIMARQ - INFO - 🫧 O2 Sensor (CIMARQ_O2_001): 5.95 mg/L | MongoDB=✅ | MQTT=✅
2025-10-12 02:06:16,601 - SimuladorCIMARQ - INFO - ✅ Ciclo completado en 0.19s | Éxito: 100.0% (6/6)
2025-10-12 02:06:16,602 - SimuladorCIMARQ - INFO - ⏰ Próximo ciclo: 02:11:16
2025-10-12 02:11:16,644 - SimuladorCIMARQ - INFO - 🔄 Iniciando ciclo de simulación - 3 sensores especializados
2025-10-12 02:11:16,861 - SimuladorCIMARQ - INFO - 🌡️ TEMP Sensor (CIMARQ_TEMP_001): 13.07°C | MongoDB=✅ | MQTT=✅
2025-10-12 02:11:16,862 - SimuladorCIMARQ - INFO - ⚗️ pH Sensor (CIMARQ_PH_001): 7.887 | MongoDB=✅ | MQTT=✅
2025-10-12 02:11:16,862 - SimuladorCIMARQ - INFO - 🫧 O2 Sensor (CIMARQ_O2_001): 5.95 mg/L | MongoDB=✅ | MQTT=✅
2025-10-12 02:11:16,863 - SimuladorCIMARQ - INFO - ✅ Ciclo completado en 0.22s | Éxito: 100.0% (6/6)
2025-10-12 02:11:16,864 - SimuladorCIMARQ - INFO - ⏰ Próximo ciclo: 02:16:16
2025-10-12 02:16:16,892 - SimuladorCIMARQ - INFO - 🔄 Iniciando ciclo de simulación - 3 sensores especializados
2025-10-12 02:16:17,087 - SimuladorCIMARQ - INFO - 🌡️ TEMP Sensor (CIMARQ_TEMP_001): 12.99°C | MongoDB=✅ | MQTT=✅
2025-10-12 02:16:17,088 - SimuladorCIMARQ - INFO - ⚗️ pH Sensor (CIMARQ_PH_001): 7.886 | MongoDB=✅ | MQTT=✅
2025-10-12 02:16:17,088 - SimuladorCIMARQ - INFO - 🫧 O2 Sensor (CIMARQ_O2_001): 6.0 mg/L | MongoDB=✅ | MQTT=✅
2025-10-12 02:16:17,089 - SimuladorCIMARQ - INFO - ✅ Ciclo completado en 0.20s | Éxito: 100.0% (6/6)
2025-10-12 02:16:17,089 - SimuladorCIMARQ - INFO - ⏰ Próximo ciclo: 02:21:16
2025-10-12 02:21:17,118 - SimuladorCIMARQ - INFO - 🔄 Iniciando ciclo de simulación - 3 sensores especializados
2025-10-12 02:21:17,304 - SimuladorCIMARQ - INFO - 🌡️ TEMP Sensor (CIMARQ_TEMP_001): 13.05°C | MongoDB=✅ | MQTT=✅
2025-10-12 02:21:17,305 - SimuladorCIMARQ - INFO - ⚗️ pH Sensor (CIMARQ_PH_001): 7.885 | MongoDB=✅ | MQTT=✅
2025-10-12 02:21:17,306 - SimuladorCIMARQ - INFO - 🫧 O2 Sensor (CIMARQ_O2_001): 6.04 mg/L | MongoDB=✅ | MQTT=✅
2025-10-12 02:21:17,307 - SimuladorCIMARQ - INFO - ✅ Ciclo completado en 0.19s | Éxito: 100.0% (6/6)
2025-10-12 02:21:17,307 - SimuladorCIMARQ - INFO - ⏰ Próximo ciclo: 02:26:17
2025-10-12 02:26:17,337 - SimuladorCIMARQ - INFO - 🔄 Iniciando ciclo de simulación - 3 sensores especializados
2025-10-12 02:26:17,543 - SimuladorCIMARQ - INFO - 🌡️ TEMP Sensor (CIMARQ_TEMP_001): 13.05°C | MongoDB=✅ | MQTT=✅
2025-10-12 02:26:17,543 - SimuladorCIMARQ - INFO - ⚗️ pH Sensor (CIMARQ_PH_001): 7.884 | MongoDB=✅ | MQTT=✅
2025-10-12 02:26:17,544 - SimuladorCIMARQ - INFO - 🫧 O2 Sensor (CIMARQ_O2_001): 5.97 mg/L | MongoDB=✅ | MQTT=✅
2025-10-12 02:26:17,544 - SimuladorCIMARQ - INFO - ✅ Ciclo completado en 0.21s | Éxito: 100.0% (6/6)
2025-10-12 02:26:17,545 - SimuladorCIMARQ - INFO - ⏰ Próximo ciclo: 02:31:17
2025-10-12 02:31:17,578 - SimuladorCIMARQ - INFO - 🔄 Iniciando ciclo de simulación - 3 sensores especializados
2025-10-12 02:31:17,790 - SimuladorCIMARQ - INFO - 🌡️ TEMP Sensor (CIMARQ_TEMP_001): 13.01°C | MongoDB=✅ | MQTT=✅
2025-10-12 02:31:17,791 - SimuladorCIMARQ - INFO - ⚗️ pH Sensor (CIMARQ_PH_001): 7.885 | MongoDB=✅ | MQTT=✅
2025-10-12 02:31:17,792 - SimuladorCIMARQ - INFO - 🫧 O2 Sensor (CIMARQ_O2_001): 5.94 mg/L | MongoDB=✅ | MQTT=✅
2025-10-12 02:31:17,792 - SimuladorCIMARQ - INFO - ✅ Ciclo completado en 0.21s | Éxito: 100.0% (6/6)
2025-10-12 02:31:17,793 - SimuladorCIMARQ - INFO - ⏰ Próximo ciclo: 02:36:17
2025-10-12 02:36:17,824 - SimuladorCIMARQ - INFO - 🔄 Iniciando ciclo de simulación - 3 sensores especializados
2025-10-12 02:36:18,018 - SimuladorCIMARQ - INFO - 🌡️ TEMP Sensor (CIMARQ_TEMP_001): 13.0°C | MongoDB=✅ | MQTT=✅
2025-10-12 02:36:18,019 - SimuladorCIMARQ - INFO - ⚗️ pH Sensor (CIMARQ_PH_001): 7.884 | MongoDB=✅ | MQTT=✅
2025-10-12 02:36:18,020 - SimuladorCIMARQ - INFO - 🫧 O2 Sensor (CIMARQ_O2_001): 5.94 mg/L | MongoDB=✅ | MQTT=✅
2025-10-12 02:36:18,020 - SimuladorCIMARQ - INFO - ✅ Ciclo completado en 0.20s | Éxito: 100.0% (6/6)
2025-10-12 02:36:18,020 - SimuladorCIMARQ - INFO - ⏰ Próximo ciclo: 02:41:17
2025-10-12 02:41:18,076 - SimuladorCIMARQ - INFO - 🔄 Iniciando ciclo de simulación - 3 sensores especializados
2025-10-12 02:41:18,259 - SimuladorCIMARQ - INFO - 🌡️ TEMP Sensor (CIMARQ_TEMP_001): 12.95°C | MongoDB=✅ | MQTT=✅
2025-10-12 02:41:18,259 - SimuladorCIMARQ - INFO - ⚗️ pH Sensor (CIMARQ_PH_001): 7.879 | MongoDB=✅ | MQTT=✅
2025-10-12 02:41:18,260 - SimuladorCIMARQ - INFO - 🫧 O2 Sensor (CIMARQ_O2_001): 5.94 mg/L | MongoDB=✅ | MQTT=✅
2025-10-12 02:41:18,261 - SimuladorCIMARQ - INFO - ✅ Ciclo completado en 0.19s | Éxito: 100.0% (6/6)
2025-10-12 02:41:18,263 - SimuladorCIMARQ - INFO - ⏰ Próximo ciclo: 02:46:18
2025-10-12 02:46:18,327 - SimuladorCIMARQ - INFO - 🔄 Iniciando ciclo de simulación - 3 sensores especializados
2025-10-12 02:46:18,561 - SimuladorCIMARQ - INFO - 🌡️ TEMP Sensor (CIMARQ_TEMP_001): 12.98°C | MongoDB=✅ | MQTT=✅
2025-10-12 02:46:18,562 - SimuladorCIMARQ - INFO - ⚗️ pH Sensor (CIMARQ_PH_001): 7.89 | MongoDB=✅ | MQTT=✅
2025-10-12 02:46:18,562 - SimuladorCIMARQ - INFO - 🫧 O2 Sensor (CIMARQ_O2_001): 5.96 mg/L | MongoDB=✅ | MQTT=✅
2025-10-12 02:46:18,563 - SimuladorCIMARQ - INFO - ✅ Ciclo completado en 0.24s | Éxito: 100.0% (6/6)
2025-10-12 02:46:18,563 - SimuladorCIMARQ - INFO - ⏰ Próximo ciclo: 02:51:18
2025-10-12 02:51:18,607 - SimuladorCIMARQ - INFO - 🔄 Iniciando ciclo de simulación - 3 sensores especializados
2025-10-12 02:51:18,789 - SimuladorCIMARQ - INFO - 🌡️ TEMP Sensor (CIMARQ_TEMP_001): 12.94°C | MongoDB=✅ | MQTT=✅
2025-10-12 02:51:18,789 - SimuladorCIMARQ - INFO - ⚗️ pH Sensor (CIMARQ_PH_001): 7.895 | MongoDB=✅ | MQTT=✅
2025-10-12 02:51:18,790 - SimuladorCIMARQ - INFO - 🫧 O2 Sensor (CIMARQ_O2_001): 5.95 mg/L | MongoDB=✅ | MQTT=✅
2025-10-12 02:51:18,790 - SimuladorCIMARQ - INFO - ✅ Ciclo completado en 0.18s | Éxito: 100.0% (6/6)
2025-10-12 02:51:18,791 - SimuladorCIMARQ - INFO - ⏰ Próximo ciclo: 02:56:18
2025-10-12 02:56:18,818 - SimuladorCIMARQ - INFO - 🔄 Iniciando ciclo de simulación - 3 sensores especializados
2025-10-12 02:56:19,005 - SimuladorCIMARQ - INFO - 🌡️ TEMP Sensor (CIMARQ_TEMP_001): 12.94°C | MongoDB=✅ | MQTT=✅
2025-10-12 02:56:19,006 - SimuladorCIMARQ - INFO - ⚗️ pH Sensor (CIMARQ_PH_001): 7.894 | MongoDB=✅ | MQTT=✅
2025-10-12 02:56:19,006 - SimuladorCIMARQ - INFO - 🫧 O2 Sensor (CIMARQ_O2_001): 5.92 mg/L | MongoDB=✅ | MQTT=✅
2025-10-12 02:56:19,007 - SimuladorCIMARQ - INFO - ✅ Ciclo completado en 0.19s | Éxito: 100.0% (6/6)
2025-10-12 02:56:19,007 - SimuladorCIMARQ - INFO - ⏰ Próximo ciclo: 03:01:18
2025-10-12 03:01:19,035 - SimuladorCIMARQ - INFO - 🔄 Iniciando ciclo de simulación - 3 sensores especializados
2025-10-12 03:01:19,220 - SimuladorCIMARQ - INFO - 🌡️ TEMP Sensor (CIMARQ_TEMP_001): 13.16°C | MongoDB=✅ | MQTT=✅
2025-10-12 03:01:19,220 - SimuladorCIMARQ - INFO - ⚗️ pH Sensor (CIMARQ_PH_001): 7.864 | MongoDB=✅ | MQTT=✅
2025-10-12 03:01:19,221 - SimuladorCIMARQ - INFO - 🫧 O2 Sensor (CIMARQ_O2_001): 5.81 mg/L | MongoDB=✅ | MQTT=✅
2025-10-12 03:01:19,221 - SimuladorCIMARQ - INFO - ✅ Ciclo completado en 0.19s | Éxito: 100.0% (6/6)
2025-10-12 03:01:19,221 - SimuladorCIMARQ - INFO - ⏰ Próximo ciclo: 03:06:19
2025-10-12 03:06:19,254 - SimuladorCIMARQ - INFO - 🔄 Iniciando ciclo de simulación - 3 sensores especializados
2025-10-12 03:06:19,436 - SimuladorCIMARQ - INFO - 🌡️ TEMP Sensor (CIMARQ_TEMP_001): 13.12°C | MongoDB=✅ | MQTT=✅
2025-10-12 03:06:19,437 - SimuladorCIMARQ - INFO - ⚗️ pH Sensor (CIMARQ_PH_001): 7.859 | MongoDB=✅ | MQTT=✅
2025-10-12 03:06:19,438 - SimuladorCIMARQ - INFO - 🫧 O2 Sensor (CIMARQ_O2_001): 5.81 mg/L | MongoDB=✅ | MQTT=✅
2025-10-12 03:06:19,439 - SimuladorCIMARQ - INFO - ✅ Ciclo completado en 0.19s | Éxito: 100.0% (6/6)
2025-10-12 03:06:19,439 - SimuladorCIMARQ - INFO - ⏰ Próximo ciclo: 03:11:19
2025-10-12 03:11:19,468 - SimuladorCIMARQ - INFO - 🔄 Iniciando ciclo de simulación - 3 sensores especializados
2025-10-12 03:11:19,677 - SimuladorCIMARQ - INFO - 🌡️ TEMP Sensor (CIMARQ_TEMP_001): 13.11°C | MongoDB=✅ | MQTT=✅
2025-10-12 03:11:19,688 - SimuladorCIMARQ - INFO - ⚗️ pH Sensor (CIMARQ_PH_001): 7.855 | MongoDB=✅ | MQTT=✅
2025-10-12 03:11:19,690 - SimuladorCIMARQ - INFO - 🫧 O2 Sensor (CIMARQ_O2_001): 5.81 mg/L | MongoDB=✅ | MQTT=✅
2025-10-12 03:11:19,691 - SimuladorCIMARQ - INFO - ✅ Ciclo completado en 0.22s | Éxito: 100.0% (6/6)
2025-10-12 03:11:19,692 - SimuladorCIMARQ - INFO - ⏰ Próximo ciclo: 03:16:19
2025-10-12 03:16:19,737 - SimuladorCIMARQ - INFO - 🔄 Iniciando ciclo de simulación - 3 sensores especializados
2025-10-12 03:16:19,921 - SimuladorCIMARQ - INFO - 🌡️ TEMP Sensor (CIMARQ_TEMP_001): 13.17°C | MongoDB=✅ | MQTT=✅
2025-10-12 03:16:19,922 - SimuladorCIMARQ - INFO - ⚗️ pH Sensor (CIMARQ_PH_001): 7.855 | MongoDB=✅ | MQTT=✅
2025-10-12 03:16:19,922 - SimuladorCIMARQ - INFO - 🫧 O2 Sensor (CIMARQ_O2_001): 5.8 mg/L | MongoDB=✅ | MQTT=✅
2025-10-12 03:16:19,923 - SimuladorCIMARQ - INFO - ✅ Ciclo completado en 0.19s | Éxito: 100.0% (6/6)
2025-10-12 03:16:19,923 - SimuladorCIMARQ - INFO - ⏰ Próximo ciclo: 03:21:19
2025-10-12 03:17:48,552 - SimuladorCIMARQ - INFO - 🛑 Señal de parada recibida, cerrando simulador...
2025-10-12 03:17:48,938 - SimuladorCIMARQ - INFO - 🧹 Cerrando conexiones...
2025-10-12 03:17:49,698 - SimuladorCIMARQ - WARNING - ⚠️ MQTT desconectado, código: 0
2025-10-12 03:17:49,701 - SimuladorCIMARQ - INFO - 📡 MQTT desconectado
2025-10-12 03:17:49,791 - SimuladorCIMARQ - INFO - 💾 MongoDB desconectado
2025-10-12 03:17:49,792 - SimuladorCIMARQ - INFO - ✅ Simulador cerrado correctamente
2025-10-13 18:50:05,275 - SimuladorCIMARQ - INFO - ⚙️ Configuración cargada - Intervalo: 300.0s, Sensores especializados: 3
2025-10-13 18:50:05,276 - SimuladorCIMARQ - INFO - 🚀 Simulador CIMARQ inicializado
2025-10-13 18:50:05,277 - SimuladorCIMARQ - INFO - 🚀 Iniciando simulador continuo CIMARQ
2025-10-13 18:50:05,277 - SimuladorCIMARQ - INFO - 📍 Zona: Central Chile (Valparaíso/Quintay)
2025-10-13 18:50:05,278 - SimuladorCIMARQ - INFO - ⏱️ Intervalo: 300.0s (5.0 min)
2025-10-13 18:50:05,278 - SimuladorCIMARQ - INFO - 🔢 Sensores especializados: 3 (Temperatura, pH, Oxígeno)
2025-10-13 18:50:06,263 - SimuladorCIMARQ - INFO - ✅ MongoDB conectado: cimarq
2025-10-13 18:50:06,975 - SimuladorCIMARQ - INFO - 📡 MQTT conectado: test.mosquitto.org:1883
2025-10-13 18:50:06,976 - SimuladorCIMARQ - INFO - ✅ Simulador iniciado correctamente - Modo 24/7 activo
2025-10-13 18:50:06,976 - SimuladorCIMARQ - INFO - 🔄 Iniciando ciclo de simulación - 3 sensores especializados
2025-10-13 18:50:07,204 - SimuladorCIMARQ - INFO - ✅ MQTT broker conectado exitosamente
2025-10-13 18:50:07,211 - SimuladorCIMARQ - INFO - 🌡️ TEMP Sensor (CIMARQ_TEMP_001): 14.49°C | MongoDB=✅ | MQTT=✅
2025-10-13 18:50:07,212 - SimuladorCIMARQ - INFO - ⚗️ pH Sensor (CIMARQ_PH_001): 8.089 | MongoDB=✅ | MQTT=✅
2025-10-13 18:50:07,212 - SimuladorCIMARQ - INFO - 🫧 O2 Sensor (CIMARQ_O2_001): 8.07 mg/L | MongoDB=✅ | MQTT=✅
2025-10-13 18:50:07,213 - SimuladorCIMARQ - INFO - ✅ Ciclo completado en 0.24s | Éxito: 100.0% (6/6)
2025-10-13 18:50:07,214 - SimuladorCIMARQ - INFO - ⏰ Próximo ciclo: 18:55:06
2025-10-13 18:51:14,444 - SimuladorCIMARQ - INFO - 🛑 Señal de parada recibida, cerrando simulador...
2025-10-13 18:51:15,221 - SimuladorCIMARQ - INFO - 🧹 Cerrando conexiones...
2025-10-13 18:51:15,745 - SimuladorCIMARQ - WARNING - ⚠️ MQTT desconectado, código: 0
2025-10-13 18:51:15,746 - SimuladorCIMARQ - INFO - 📡 MQTT desconectado
2025-10-13 18:51:15,816 - SimuladorCIMARQ - INFO - 💾 MongoDB desconectado
2025-10-13 18:51:15,817 - SimuladorCIMARQ - INFO - ✅ Simulador cerrado correctamente
2025-10-13 18:51:18,770 - SimuladorCIMARQ - INFO - ⚙️ Configuración cargada - Intervalo: 300.0s, Sensores especializados: 3
2025-10-13 18:51:18,771 - SimuladorCIMARQ - INFO - 🚀 Simulador CIMARQ inicializado
2025-10-13 18:51:18,771 - SimuladorCIMARQ - INFO - 🚀 Iniciando simulador continuo CIMARQ
2025-10-13 18:51:18,772 - SimuladorCIMARQ - INFO - 📍 Zona: Central Chile (Valparaíso/Quintay)
2025-10-13 18:51:18,772 - SimuladorCIMARQ - INFO - ⏱️ Intervalo: 300.0s (5.0 min)
2025-10-13 18:51:18,773 - SimuladorCIMARQ - INFO - 🔢 Sensores especializados: 3 (Temperatura, pH, Oxígeno)
2025-10-13 18:51:19,737 - SimuladorCIMARQ - WARNING - ⚠️ Colección 'temperatura' no existe, se creará automáticamente
2025-10-13 18:51:19,737 - SimuladorCIMARQ - WARNING - ⚠️ Colección 'ph' no existe, se creará automáticamente
2025-10-13 18:51:19,738 - SimuladorCIMARQ - WARNING - ⚠️ Colección 'oxigeno' no existe, se creará automáticamente
2025-10-13 18:51:19,738 - SimuladorCIMARQ - INFO - ✅ MongoDB conectado: cimarqdb
2025-10-13 18:51:19,985 - SimuladorCIMARQ - INFO - 📡 MQTT conectado: test.mosquitto.org:1883
2025-10-13 18:51:19,985 - SimuladorCIMARQ - INFO - ✅ Simulador iniciado correctamente - Modo 24/7 activo
2025-10-13 18:51:19,986 - SimuladorCIMARQ - INFO - 🔄 Iniciando ciclo de simulación - 3 sensores especializados
2025-10-13 18:51:20,230 - SimuladorCIMARQ - INFO - ✅ MQTT broker conectado exitosamente
2025-10-13 18:51:20,258 - SimuladorCIMARQ - INFO - 🌡️ TEMP Sensor (CIMARQ_TEMP_001): 14.35°C | MongoDB=✅ | MQTT=✅
2025-10-13 18:51:20,258 - SimuladorCIMARQ - INFO - ⚗️ pH Sensor (CIMARQ_PH_001): 8.048 | MongoDB=✅ | MQTT=✅
2025-10-13 18:51:20,259 - SimuladorCIMARQ - INFO - 🫧 O2 Sensor (CIMARQ_O2_001): 8.06 mg/L | MongoDB=✅ | MQTT=✅
2025-10-13 18:51:20,259 - SimuladorCIMARQ - INFO - ✅ Ciclo completado en 0.27s | Éxito: 100.0% (6/6)
2025-10-13 18:51:20,260 - SimuladorCIMARQ - INFO - ⏰ Próximo ciclo: 18:56:19
2025-10-13 18:54:46,364 - SimuladorCIMARQ - INFO - 🛑 Señal de parada recibida, cerrando simulador...
2025-10-13 18:54:47,291 - SimuladorCIMARQ - INFO - 🧹 Cerrando conexiones...
2025-10-13 18:54:47,472 - SimuladorCIMARQ - WARNING - ⚠️ MQTT desconectado, código: 0
2025-10-13 18:54:47,473 - SimuladorCIMARQ - INFO - 📡 MQTT desconectado
2025-10-13 18:54:47,549 - SimuladorCIMARQ - INFO - 💾 MongoDB desconectado
2025-10-13 18:54:47,550 - SimuladorCIMARQ - INFO - ✅ Simulador cerrado correctamente
2025-10-13 18:54:50,234 - SimuladorCIMARQ - INFO - ⚙️ Configuración cargada - Intervalo: 300.0s, Sensores especializados: 3
2025-10-13 18:54:50,235 - SimuladorCIMARQ - INFO - 🚀 Simulador CIMARQ inicializado
2025-10-13 18:54:50,236 - SimuladorCIMARQ - INFO - 🚀 Iniciando simulador continuo CIMARQ
2025-10-13 18:54:50,236 - SimuladorCIMARQ - INFO - 📍 Zona: Central Chile (Valparaíso/Quintay)
2025-10-13 18:54:50,237 - SimuladorCIMARQ - INFO - ⏱️ Intervalo: 300.0s (5.0 min)
2025-10-13 18:54:50,237 - SimuladorCIMARQ - INFO - 🔢 Sensores especializados: 3 (Temperatura, pH, Oxígeno)
2025-10-13 18:54:51,158 - SimuladorCIMARQ - INFO - ✅ MongoDB conectado: cimarqdb
2025-10-13 18:54:51,403 - SimuladorCIMARQ - INFO - 📡 MQTT conectado: test.mosquitto.org:1883
2025-10-13 18:54:51,404 - SimuladorCIMARQ - INFO - ✅ Simulador iniciado correctamente - Modo 24/7 activo
2025-10-13 18:54:51,405 - SimuladorCIMARQ - INFO - 🔄 Iniciando ciclo de simulación - 3 sensores especializados
2025-10-13 18:54:51,631 - SimuladorCIMARQ - INFO - 🌡️ TEMP Sensor (CIMARQ_TEMP_001): 14.8°C | MongoDB=✅ | MQTT=❌
2025-10-13 18:54:51,632 - SimuladorCIMARQ - INFO - ⚗️ pH Sensor (CIMARQ_PH_001): 8.063 | MongoDB=✅ | MQTT=❌
2025-10-13 18:54:51,633 - SimuladorCIMARQ - INFO - 🫧 O2 Sensor (CIMARQ_O2_001): 8.16 mg/L | MongoDB=✅ | MQTT=❌
2025-10-13 18:54:51,634 - SimuladorCIMARQ - INFO - ✅ Ciclo completado en 0.23s | Éxito: 50.0% (3/6)
2025-10-13 18:54:51,634 - SimuladorCIMARQ - INFO - ⏰ Próximo ciclo: 18:59:51
2025-10-13 18:54:51,644 - SimuladorCIMARQ - INFO - ✅ MQTT broker conectado exitosamente
2025-10-13 18:55:58,145 - SimuladorCIMARQ - INFO - 🛑 Señal de parada recibida, cerrando simulador...
2025-10-13 18:55:58,657 - SimuladorCIMARQ - INFO - 🧹 Cerrando conexiones...
2025-10-13 18:55:59,070 - SimuladorCIMARQ - WARNING - ⚠️ MQTT desconectado, código: 0
2025-10-13 18:55:59,071 - SimuladorCIMARQ - INFO - 📡 MQTT desconectado
2025-10-13 18:55:59,143 - SimuladorCIMARQ - INFO - 💾 MongoDB desconectado
2025-10-13 18:55:59,145 - SimuladorCIMARQ - INFO - ✅ Simulador cerrado correctamente
2025-10-13 18:56:01,544 - SimuladorCIMARQ - INFO - ⚙️ Configuración cargada - Intervalo: 300.0s, Sensores especializados: 3
2025-10-13 18:56:01,545 - SimuladorCIMARQ - INFO - 🚀 Simulador CIMARQ inicializado
2025-10-13 18:56:01,546 - SimuladorCIMARQ - INFO - 🚀 Iniciando simulador continuo CIMARQ
2025-10-13 18:56:01,546 - SimuladorCIMARQ - INFO - 📍 Zona: Central Chile (Valparaíso/Quintay)
2025-10-13 18:56:01,547 - SimuladorCIMARQ - INFO - ⏱️ Intervalo: 300.0s (5.0 min)
2025-10-13 18:56:01,547 - SimuladorCIMARQ - INFO - 🔢 Sensores especializados: 3 (Temperatura, pH, Oxígeno)
2025-10-13 18:56:02,919 - SimuladorCIMARQ - INFO - ✅ MongoDB conectado: cimarqdb
2025-10-13 18:56:03,388 - SimuladorCIMARQ - INFO - 📡 MQTT conectado: test.mosquitto.org:1883
2025-10-13 18:56:03,389 - SimuladorCIMARQ - INFO - ✅ Simulador iniciado correctamente - Modo 24/7 activo
2025-10-13 18:56:03,390 - SimuladorCIMARQ - INFO - 🔄 Iniciando ciclo de simulación - 3 sensores especializados
2025-10-13 18:56:03,607 - SimuladorCIMARQ - INFO - 🌡️ TEMP Sensor (CIMARQ_TEMP_001): 14.07°C | MongoDB=✅ | MQTT=❌
2025-10-13 18:56:03,608 - SimuladorCIMARQ - INFO - ⚗️ pH Sensor (CIMARQ_PH_001): 8.143 | MongoDB=✅ | MQTT=❌
2025-10-13 18:56:03,609 - SimuladorCIMARQ - INFO - 🫧 O2 Sensor (CIMARQ_O2_001): 8.32 mg/L | MongoDB=✅ | MQTT=❌
2025-10-13 18:56:03,609 - SimuladorCIMARQ - INFO - ✅ Ciclo completado en 0.22s | Éxito: 50.0% (3/6)
2025-10-13 18:56:03,610 - SimuladorCIMARQ - INFO - ⏰ Próximo ciclo: 19:01:03
2025-10-13 18:56:03,622 - SimuladorCIMARQ - INFO - ✅ MQTT broker conectado exitosamente
2025-10-13 18:56:16,611 - SimuladorCIMARQ - INFO - 🛑 Señal de parada recibida, cerrando simulador...
2025-10-13 18:56:16,614 - SimuladorCIMARQ - INFO - 🧹 Cerrando conexiones...
2025-10-13 18:56:16,639 - SimuladorCIMARQ - WARNING - ⚠️ MQTT desconectado, código: 0
2025-10-13 18:56:16,643 - SimuladorCIMARQ - INFO - 📡 MQTT desconectado
2025-10-13 18:56:16,738 - SimuladorCIMARQ - INFO - 💾 MongoDB desconectado
2025-10-13 18:56:16,739 - SimuladorCIMARQ - INFO - ✅ Simulador cerrado correctamente
2025-10-13 18:57:18,257 - SimuladorCIMARQ - INFO - ⚙️ Configuración cargada - Intervalo: 300.0s, Sensores especializados: 3
2025-10-13 18:57:18,257 - SimuladorCIMARQ - INFO - 🚀 Simulador CIMARQ inicializado
2025-10-13 18:57:18,258 - SimuladorCIMARQ - INFO - 🚀 Iniciando simulador continuo CIMARQ
2025-10-13 18:57:18,258 - SimuladorCIMARQ - INFO - 📍 Zona: Central Chile (Valparaíso/Quintay)
2025-10-13 18:57:18,259 - SimuladorCIMARQ - INFO - ⏱️ Intervalo: 300.0s (5.0 min)
2025-10-13 18:57:18,259 - SimuladorCIMARQ - INFO - 🔢 Sensores especializados: 3 (Temperatura, pH, Oxígeno)
2025-10-13 18:57:19,412 - SimuladorCIMARQ - INFO - ✅ MongoDB conectado: cimarqdb
2025-10-13 18:57:19,667 - SimuladorCIMARQ - INFO - 📡 MQTT conectado: test.mosquitto.org:1883
2025-10-13 18:57:19,668 - SimuladorCIMARQ - INFO - ✅ Simulador iniciado correctamente - Modo 24/7 activo
2025-10-13 18:57:19,669 - SimuladorCIMARQ - INFO - 🔄 Iniciando ciclo de simulación - Sistema unificado
2025-10-13 18:57:19,754 - SimuladorCIMARQ - INFO - 📊 Sistema Unificado: T=14.87°C, pH=8.058, O2=8.18mg/L | MongoDB=✅ | MQTT=0/3
2025-10-13 18:57:19,755 - SimuladorCIMARQ - INFO - 💾 Estructura guardada: {temperatura: 14.87, ph: 8.058, oxigeno: 8.18}
2025-10-13 18:57:19,756 - SimuladorCIMARQ - INFO - ✅ Ciclo completado en 0.09s | Éxito: 25.0% (1/4)
2025-10-13 18:57:19,757 - SimuladorCIMARQ - INFO - ⏰ Próximo ciclo: 19:02:19
2025-10-13 18:57:19,898 - SimuladorCIMARQ - INFO - ✅ MQTT broker conectado exitosamente
2025-10-13 18:59:42,968 - SimuladorCIMARQ - INFO - 🛑 Señal de parada recibida, cerrando simulador...
2025-10-13 18:59:43,797 - SimuladorCIMARQ - INFO - 🧹 Cerrando conexiones...
2025-10-13 18:59:44,557 - SimuladorCIMARQ - WARNING - ⚠️ MQTT desconectado, código: 0
2025-10-13 18:59:44,558 - SimuladorCIMARQ - INFO - 📡 MQTT desconectado
2025-10-13 18:59:44,634 - SimuladorCIMARQ - INFO - 💾 MongoDB desconectado
2025-10-13 18:59:44,635 - SimuladorCIMARQ - INFO - ✅ Simulador cerrado correctamente
2025-10-13 18:59:47,249 - SimuladorCIMARQ - INFO - ⚙️ Configuración cargada - Intervalo: 300.0s, Sensores especializados: 3
2025-10-13 18:59:47,250 - SimuladorCIMARQ - INFO - 🚀 Simulador CIMARQ inicializado
2025-10-13 18:59:47,250 - SimuladorCIMARQ - INFO - 🚀 Iniciando simulador continuo CIMARQ
2025-10-13 18:59:47,297 - SimuladorCIMARQ - INFO - 📍 Zona: Central Chile (Valparaíso/Quintay)
2025-10-13 18:59:47,297 - SimuladorCIMARQ - INFO - ⏱️ Intervalo: 300.0s (5.0 min)
2025-10-13 18:59:47,298 - SimuladorCIMARQ - INFO - 🔢 Sensores especializados: 3 (Temperatura, pH, Oxígeno)
2025-10-13 18:59:48,309 - SimuladorCIMARQ - INFO - ✅ MongoDB conectado: cimarqdb
2025-10-13 18:59:48,786 - SimuladorCIMARQ - INFO - 📡 MQTT conectado: test.mosquitto.org:1883
2025-10-13 18:59:48,788 - SimuladorCIMARQ - INFO - ✅ Simulador iniciado correctamente - Modo 24/7 activo
2025-10-13 18:59:48,788 - SimuladorCIMARQ - INFO - 🔄 Iniciando ciclo de simulación - Sistema unificado
2025-10-13 18:59:48,870 - SimuladorCIMARQ - INFO - 📊 Sistema Unificado: T=14.18°C, pH=8.065, O2=7.98mg/L | MongoDB=✅ | MQTT=0/3
2025-10-13 18:59:48,871 - SimuladorCIMARQ - INFO - 💾 Estructura guardada: {temperatura: 14.18, ph: 8.065, oxigeno: 7.98, fecha: 1760392788871}
2025-10-13 18:59:48,871 - SimuladorCIMARQ - INFO - ✅ Ciclo completado en 0.08s | Éxito: 25.0% (1/4)
2025-10-13 18:59:48,872 - SimuladorCIMARQ - INFO - ⏰ Próximo ciclo: 19:04:48
2025-10-13 18:59:49,016 - SimuladorCIMARQ - INFO - ✅ MQTT broker conectado exitosamente
2025-10-13 19:04:48,968 - SimuladorCIMARQ - INFO - 🔄 Iniciando ciclo de simulación - Sistema unificado
2025-10-13 19:04:49,047 - SimuladorCIMARQ - INFO - 📊 Sistema Unificado: T=13.8°C, pH=8.052, O2=7.73mg/L | MongoDB=✅ | MQTT=✅
2025-10-13 19:04:49,048 - SimuladorCIMARQ - INFO - 💾 Estructura guardada: {temperatura: 13.8, ph: 8.052, oxigeno: 7.73, fecha: 1760393089048}
2025-10-13 19:04:49,049 - SimuladorCIMARQ - INFO - ✅ Ciclo completado en 0.08s | Éxito: 100.0% (4/4)
2025-10-13 19:04:49,050 - SimuladorCIMARQ - INFO - ⏰ Próximo ciclo: 19:09:48
2025-10-13 19:09:49,140 - SimuladorCIMARQ - INFO - 🔄 Iniciando ciclo de simulación - Sistema unificado
2025-10-13 19:09:49,242 - SimuladorCIMARQ - INFO - 📊 Sistema Unificado: T=13.82°C, pH=8.061, O2=7.74mg/L | MongoDB=✅ | MQTT=✅
2025-10-13 19:09:49,243 - SimuladorCIMARQ - INFO - 💾 Estructura guardada: {temperatura: 13.82, ph: 8.061, oxigeno: 7.74, fecha: 1760393389243}
2025-10-13 19:09:49,243 - SimuladorCIMARQ - INFO - ✅ Ciclo completado en 0.10s | Éxito: 100.0% (4/4)
2025-10-13 19:09:49,244 - SimuladorCIMARQ - INFO - ⏰ Próximo ciclo: 19:14:49
2025-10-13 19:14:49,349 - SimuladorCIMARQ - INFO - 🔄 Iniciando ciclo de simulación - Sistema unificado
2025-10-13 19:14:49,461 - SimuladorCIMARQ - INFO - 📊 Sistema Unificado: T=13.75°C, pH=8.061, O2=7.71mg/L | MongoDB=✅ | MQTT=✅
2025-10-13 19:14:49,462 - SimuladorCIMARQ - INFO - 💾 Estructura guardada: {temperatura: 13.75, ph: 8.061, oxigeno: 7.71, fecha: 1760393689462}
2025-10-13 19:14:49,463 - SimuladorCIMARQ - INFO - ✅ Ciclo completado en 0.11s | Éxito: 100.0% (4/4)
2025-10-13 19:14:49,463 - SimuladorCIMARQ - INFO - ⏰ Próximo ciclo: 19:19:49
2025-10-13 19:19:49,580 - SimuladorCIMARQ - INFO - 🔄 Iniciando ciclo de simulación - Sistema unificado
2025-10-13 19:19:49,678 - SimuladorCIMARQ - INFO - 📊 Sistema Unificado: T=13.83°C, pH=8.052, O2=7.7mg/L | MongoDB=✅ | MQTT=✅
2025-10-13 19:19:49,679 - SimuladorCIMARQ - INFO - 💾 Estructura guardada: {temperatura: 13.83, ph: 8.052, oxigeno: 7.7, fecha: 1760393989679}
2025-10-13 19:19:49,680 - SimuladorCIMARQ - INFO - ✅ Ciclo completado en 0.10s | Éxito: 100.0% (4/4)
2025-10-13 19:19:49,681 - SimuladorCIMARQ - INFO - ⏰ Próximo ciclo: 19:24:49
2025-10-13 19:22:26,209 - SimuladorCIMARQ - INFO - 🛑 Señal de parada recibida, cerrando simulador...
2025-10-13 19:22:26,729 - SimuladorCIMARQ - INFO - 🧹 Cerrando conexiones...
2025-10-13 19:22:26,977 - SimuladorCIMARQ - WARNING - ⚠️ MQTT desconectado, código: 0
2025-10-13 19:22:26,978 - SimuladorCIMARQ - INFO - 📡 MQTT desconectado
2025-10-13 19:22:27,056 - SimuladorCIMARQ - INFO - 💾 MongoDB desconectado
2025-10-13 19:22:27,057 - SimuladorCIMARQ - INFO - ✅ Simulador cerrado correctamente
2025-10-13 19:22:29,912 - SimuladorCIMARQ - INFO - ⚙️ Configuración cargada - Intervalo: 300.0s, Sensores especializados: 3
2025-10-13 19:22:29,913 - SimuladorCIMARQ - INFO - 🚀 Simulador CIMARQ inicializado
2025-10-13 19:22:29,914 - SimuladorCIMARQ - INFO - 🚀 Iniciando simulador continuo CIMARQ
2025-10-13 19:22:29,914 - SimuladorCIMARQ - INFO - 📍 Zona: Central Chile (Valparaíso/Quintay)
2025-10-13 19:22:29,915 - SimuladorCIMARQ - INFO - ⏱️ Intervalo: 300.0s (5.0 min)
2025-10-13 19:22:29,916 - SimuladorCIMARQ - INFO - 🔢 Sensores especializados: 3 (Temperatura, pH, Oxígeno)
2025-10-13 19:22:30,836 - SimuladorCIMARQ - INFO - ✅ MongoDB conectado: cimarqdb
2025-10-13 19:22:31,083 - SimuladorCIMARQ - INFO - 📡 MQTT conectado: test.mosquitto.org:1883
2025-10-13 19:22:31,084 - SimuladorCIMARQ - INFO - ✅ Simulador iniciado correctamente - Modo 24/7 activo
2025-10-13 19:22:31,084 - SimuladorCIMARQ - INFO - 🔄 Iniciando ciclo de simulación - Sistema unificado
2025-10-13 19:22:31,161 - SimuladorCIMARQ - INFO - 📊 Sistema Unificado: T=14.13°C, pH=8.059, O2=7.76mg/L | MongoDB=✅ | MQTT=0/3
2025-10-13 19:22:31,162 - SimuladorCIMARQ - INFO - 💾 Estructura guardada: {temperatura: 14.13, ph: 8.059, oxigeno: 7.76, fecha: 1760394151162}
2025-10-13 19:22:31,163 - SimuladorCIMARQ - INFO - ✅ Ciclo completado en 0.08s | Éxito: 25.0% (1/4)
2025-10-13 19:22:31,163 - SimuladorCIMARQ - INFO - ⏰ Próximo ciclo: 19:27:31
2025-10-13 19:22:31,311 - SimuladorCIMARQ - INFO - ✅ MQTT broker conectado exitosamente
2025-10-13 19:25:53,913 - SimuladorCIMARQ - WARNING - ⚠️ MQTT desconectado, código: 7
2025-10-13 19:25:56,130 - SimuladorCIMARQ - INFO - ✅ MQTT broker conectado exitosamente
2025-10-13 19:34:18,133 - SimuladorCIMARQ - INFO - 🔄 Iniciando ciclo de simulación - Sistema unificado
2025-10-13 19:34:18,606 - SimuladorCIMARQ - INFO - 📊 Sistema Unificado: T=14.1°C, pH=8.062, O2=7.74mg/L | MongoDB=✅ | MQTT=✅
2025-10-13 19:34:18,607 - SimuladorCIMARQ - INFO - 💾 Estructura guardada: {temperatura: 14.1, ph: 8.062, oxigeno: 7.74, fecha: 1760394858607}
2025-10-13 19:34:18,607 - SimuladorCIMARQ - INFO - ✅ Ciclo completado en 0.47s | Éxito: 100.0% (4/4)
2025-10-13 19:34:18,608 - SimuladorCIMARQ - INFO - ⏰ Próximo ciclo: 19:39:18
2025-10-13 19:39:18,707 - SimuladorCIMARQ - INFO - 🔄 Iniciando ciclo de simulación - Sistema unificado
2025-10-13 19:39:18,803 - SimuladorCIMARQ - INFO - 📊 Sistema Unificado: T=14.06°C, pH=8.064, O2=7.79mg/L | MongoDB=✅ | MQTT=✅
2025-10-13 19:39:18,804 - SimuladorCIMARQ - INFO - 💾 Estructura guardada: {temperatura: 14.06, ph: 8.064, oxigeno: 7.79, fecha: 1760395158804}
2025-10-13 19:39:18,805 - SimuladorCIMARQ - INFO - ✅ Ciclo completado en 0.10s | Éxito: 100.0% (4/4)
2025-10-13 19:39:18,805 - SimuladorCIMARQ - INFO - ⏰ Próximo ciclo: 19:44:18
2025-10-13 19:43:54,512 - SimuladorCIMARQ - INFO - 🛑 Señal de parada recibida, cerrando simulador...
2025-10-13 19:43:54,893 - SimuladorCIMARQ - INFO - 🧹 Cerrando conexiones...
2025-10-13 19:43:55,337 - SimuladorCIMARQ - WARNING - ⚠️ MQTT desconectado, código: 0
2025-10-13 19:43:55,338 - SimuladorCIMARQ - INFO - 📡 MQTT desconectado
2025-10-13 19:43:55,420 - SimuladorCIMARQ - INFO - 💾 MongoDB desconectado
2025-10-13 19:43:55,421 - SimuladorCIMARQ - INFO - ✅ Simulador cerrado correctamente
2025-10-13 19:43:58,391 - SimuladorCIMARQ - INFO - ⚙️ Configuración cargada - Intervalo: 300.0s, Sensores especializados: 3
2025-10-13 19:43:58,392 - SimuladorCIMARQ - INFO - 🚀 Simulador CIMARQ inicializado
2025-10-13 19:43:58,392 - SimuladorCIMARQ - INFO - 🚀 Iniciando simulador continuo CIMARQ
2025-10-13 19:43:58,393 - SimuladorCIMARQ - INFO - 📍 Zona: Central Chile (Valparaíso/Quintay)
2025-10-13 19:43:58,393 - SimuladorCIMARQ - INFO - ⏱️ Intervalo: 300.0s (5.0 min)
2025-10-13 19:43:58,394 - SimuladorCIMARQ - INFO - 🔢 Sensores especializados: 3 (Temperatura, pH, Oxígeno)
2025-10-13 19:43:59,589 - SimuladorCIMARQ - INFO - ✅ MongoDB conectado: cimarqdb
2025-10-13 19:43:59,839 - SimuladorCIMARQ - INFO - 📡 MQTT conectado: test.mosquitto.org:1883
2025-10-13 19:43:59,840 - SimuladorCIMARQ - INFO - ✅ Simulador iniciado correctamente - Modo 24/7 activo
2025-10-13 19:43:59,841 - SimuladorCIMARQ - INFO - 🔄 Iniciando ciclo de simulación - Sistema unificado
2025-10-13 19:43:59,919 - SimuladorCIMARQ - INFO - 📊 Sistema Unificado: T=13.74°C, pH=8.067, O2=7.73mg/L | MongoDB=✅ | MQTT=0/3
2025-10-13 19:43:59,920 - SimuladorCIMARQ - INFO - 💾 Estructura guardada: {temperatura: 13.74, ph: 8.067, oxigeno: 7.73, fecha: 1760395439920}
2025-10-13 19:43:59,920 - SimuladorCIMARQ - INFO - ✅ Ciclo completado en 0.08s | Éxito: 25.0% (1/4)
2025-10-13 19:43:59,921 - SimuladorCIMARQ - INFO - ⏰ Próximo ciclo: 19:48:59
2025-10-13 19:44:00,067 - SimuladorCIMARQ - INFO - ✅ MQTT broker conectado exitosamente
2025-10-13 19:45:49,374 - SimuladorCIMARQ - INFO - 🛑 Señal de parada recibida, cerrando simulador...
2025-10-13 19:45:49,960 - SimuladorCIMARQ - INFO - 🧹 Cerrando conexiones...
2025-10-13 19:45:50,444 - SimuladorCIMARQ - WARNING - ⚠️ MQTT desconectado, código: 0
2025-10-13 19:45:50,445 - SimuladorCIMARQ - INFO - 📡 MQTT desconectado
2025-10-13 19:45:50,515 - SimuladorCIMARQ - INFO - 💾 MongoDB desconectado
2025-10-13 19:45:50,516 - SimuladorCIMARQ - INFO - ✅ Simulador cerrado correctamente
2025-10-13 19:45:52,974 - SimuladorCIMARQ - INFO - ⚙️ Configuración cargada - Intervalo: 300.0s, Sensores especializados: 3
2025-10-13 19:45:52,975 - SimuladorCIMARQ - INFO - 🚀 Simulador CIMARQ inicializado
2025-10-13 19:45:52,975 - SimuladorCIMARQ - INFO - 🚀 Iniciando simulador continuo CIMARQ
2025-10-13 19:45:52,976 - SimuladorCIMARQ - INFO - 📍 Zona: Central Chile (Valparaíso/Quintay)
2025-10-13 19:45:52,976 - SimuladorCIMARQ - INFO - ⏱️ Intervalo: 300.0s (5.0 min)
2025-10-13 19:45:52,977 - SimuladorCIMARQ - INFO - 🔢 Sensores especializados: 3 (Temperatura, pH, Oxígeno)
2025-10-13 19:45:53,963 - SimuladorCIMARQ - INFO - ✅ MongoDB conectado: cimarqdb
2025-10-13 19:45:54,211 - SimuladorCIMARQ - INFO - 📡 MQTT conectado: test.mosquitto.org:1883
2025-10-13 19:45:54,211 - SimuladorCIMARQ - INFO - ✅ Simulador iniciado correctamente - Modo 24/7 activo
2025-10-13 19:45:54,212 - SimuladorCIMARQ - INFO - 🔄 Iniciando ciclo de simulación - Sistema unificado
2025-10-13 19:45:54,290 - SimuladorCIMARQ - INFO - 📊 Sistema Unificado: T=14.56°C, pH=8.113, O2=7.8mg/L | MongoDB=✅ | MQTT=0/3
2025-10-13 19:45:54,291 - SimuladorCIMARQ - INFO - 💾 Estructura guardada: {temperatura: 14.56, ph: 8.113, oxigeno: 7.8, fecha: 1760395554291}
2025-10-13 19:45:54,292 - SimuladorCIMARQ - INFO - ✅ Ciclo completado en 0.08s | Éxito: 25.0% (1/4)
2025-10-13 19:45:54,292 - SimuladorCIMARQ - INFO - ⏰ Próximo ciclo: 19:50:54
2025-10-13 19:45:54,453 - SimuladorCIMARQ - INFO - ✅ MQTT broker conectado exitosamente
2025-10-13 19:46:33,074 - SimuladorCIMARQ - INFO - 🛑 Señal de parada recibida, cerrando simulador...
2025-10-13 19:46:33,305 - SimuladorCIMARQ - INFO - 🧹 Cerrando conexiones...
2025-10-13 19:46:33,503 - SimuladorCIMARQ - WARNING - ⚠️ MQTT desconectado, código: 0
2025-10-13 19:46:33,504 - SimuladorCIMARQ - INFO - 📡 MQTT desconectado
2025-10-13 19:46:33,574 - SimuladorCIMARQ - INFO - 💾 MongoDB desconectado
2025-10-13 19:46:33,575 - SimuladorCIMARQ - INFO - ✅ Simulador cerrado correctamente
2025-10-13 19:46:36,446 - SimuladorCIMARQ - INFO - ⚙️ Configuración cargada - Intervalo: 300.0s, Sensores especializados: 3
2025-10-13 19:46:36,447 - SimuladorCIMARQ - INFO - 🚀 Simulador CIMARQ inicializado
2025-10-13 19:46:36,447 - SimuladorCIMARQ - INFO - 🚀 Iniciando simulador continuo CIMARQ
2025-10-13 19:46:36,448 - SimuladorCIMARQ - INFO - 📍 Zona: Central Chile (Valparaíso/Quintay)
2025-10-13 19:46:36,448 - SimuladorCIMARQ - INFO - ⏱️ Intervalo: 300.0s (5.0 min)
2025-10-13 19:46:36,449 - SimuladorCIMARQ - INFO - 🔢 Sensores especializados: 3 (Temperatura, pH, Oxígeno)
2025-10-13 19:46:37,379 - SimuladorCIMARQ - INFO - ✅ MongoDB conectado: cimarqdb
2025-10-13 19:46:37,893 - SimuladorCIMARQ - INFO - 📡 MQTT conectado: test.mosquitto.org:1883
2025-10-13 19:46:37,894 - SimuladorCIMARQ - INFO - ✅ Simulador iniciado correctamente - Modo 24/7 activo
2025-10-13 19:46:37,894 - SimuladorCIMARQ - INFO - 🔄 Iniciando ciclo de simulación - Sistema unificado
2025-10-13 19:46:37,971 - SimuladorCIMARQ - INFO - 📊 Datos Completos sin Nulos: T=13.65°C, pH=8.105, O2=7.81mg/L | MongoDB=✅ | MQTT=DESACTIVADO
2025-10-13 19:46:37,972 - SimuladorCIMARQ - INFO - 💾 Documento completo: {temperatura: 13.65, ph: 8.105, oxigeno: 7.81, fecha: 1760395597972}
2025-10-13 19:46:37,972 - SimuladorCIMARQ - INFO - ✅ Ciclo completado en 0.08s | Éxito: 100.0% (1/1)
2025-10-13 19:46:37,973 - SimuladorCIMARQ - INFO - ⏰ Próximo ciclo: 19:51:37
2025-10-13 19:46:38,156 - SimuladorCIMARQ - INFO - ✅ MQTT broker conectado exitosamente
2025-10-13 19:50:17,207 - SimuladorCIMARQ - INFO - 🛑 Señal de parada recibida, cerrando simulador...
2025-10-13 19:50:18,043 - SimuladorCIMARQ - INFO - 🧹 Cerrando conexiones...
2025-10-13 19:50:18,212 - SimuladorCIMARQ - WARNING - ⚠️ MQTT desconectado, código: 0
2025-10-13 19:50:18,212 - SimuladorCIMARQ - INFO - 📡 MQTT desconectado
2025-10-13 19:50:18,289 - SimuladorCIMARQ - INFO - 💾 MongoDB desconectado
2025-10-13 19:50:18,290 - SimuladorCIMARQ - INFO - ✅ Simulador cerrado correctamente
2025-10-13 19:50:21,115 - SimuladorCIMARQ - INFO - ⚙️ Configuración cargada - Intervalo: 300.0s, Sensores especializados: 3
2025-10-13 19:50:21,116 - SimuladorCIMARQ - INFO - 🚀 Simulador CIMARQ inicializado
2025-10-13 19:50:21,116 - SimuladorCIMARQ - INFO - 🚀 Iniciando simulador continuo CIMARQ
2025-10-13 19:50:21,117 - SimuladorCIMARQ - INFO - 📍 Zona: Central Chile (Valparaíso/Quintay)
2025-10-13 19:50:21,117 - SimuladorCIMARQ - INFO - ⏱️ Intervalo: 300.0s (5.0 min)
2025-10-13 19:50:21,118 - SimuladorCIMARQ - INFO - 🔢 Sensores especializados: 3 (Temperatura, pH, Oxígeno)
2025-10-13 19:50:22,022 - SimuladorCIMARQ - INFO - ✅ MongoDB conectado: cimarqdb
2025-10-13 19:50:22,268 - SimuladorCIMARQ - INFO - 📡 MQTT conectado: test.mosquitto.org:1883
2025-10-13 19:50:22,269 - SimuladorCIMARQ - INFO - ✅ Simulador iniciado correctamente - Modo 24/7 activo
2025-10-13 19:50:22,270 - SimuladorCIMARQ - INFO - 🔄 Iniciando ciclo de simulación - Sistema unificado
2025-10-13 19:50:22,270 - SimuladorCIMARQ - INFO - 📊 Datos Completos sin Nulos: T=14.14°C, pH=8.097, O2=8.0mg/L | MQTT=❌ | MongoDB=Via Backend
2025-10-13 19:50:22,271 - SimuladorCIMARQ - INFO - � MQTT Unificado: {temperatura: 14.14, ph: 8.097, oxigeno: 8.0, fecha: 1760395822271}
2025-10-13 19:50:22,271 - SimuladorCIMARQ - INFO - ✅ Ciclo completado en 0.00s | Éxito: 0.0% (0/1)
2025-10-13 19:50:22,272 - SimuladorCIMARQ - INFO - ⏰ Próximo ciclo: 19:55:22
2025-10-13 19:50:22,491 - SimuladorCIMARQ - INFO - ✅ MQTT broker conectado exitosamente
2025-10-13 19:53:23,732 - SimuladorCIMARQ - INFO - 🛑 Señal de parada recibida, cerrando simulador...
2025-10-13 19:53:24,331 - SimuladorCIMARQ - INFO - 🧹 Cerrando conexiones...
2025-10-13 19:53:24,428 - SimuladorCIMARQ - WARNING - ⚠️ MQTT desconectado, código: 0
2025-10-13 19:53:24,429 - SimuladorCIMARQ - INFO - 📡 MQTT desconectado
2025-10-13 19:53:24,505 - SimuladorCIMARQ - INFO - 💾 MongoDB desconectado
2025-10-13 19:53:24,506 - SimuladorCIMARQ - INFO - ✅ Simulador cerrado correctamente
2025-10-13 19:53:27,136 - SimuladorCIMARQ - INFO - ⚙️ Configuración cargada - Intervalo: 300.0s, Sensores especializados: 3
2025-10-13 19:53:27,137 - SimuladorCIMARQ - INFO - 🚀 Simulador CIMARQ inicializado
2025-10-13 19:53:27,137 - SimuladorCIMARQ - INFO - 🚀 Iniciando simulador continuo CIMARQ
2025-10-13 19:53:27,138 - SimuladorCIMARQ - INFO - 📍 Zona: Central Chile (Valparaíso/Quintay)
2025-10-13 19:53:27,138 - SimuladorCIMARQ - INFO - ⏱️ Intervalo: 300.0s (5.0 min)
2025-10-13 19:53:27,139 - SimuladorCIMARQ - INFO - 🔢 Sensores especializados: 3 (Temperatura, pH, Oxígeno)
2025-10-13 19:53:28,321 - SimuladorCIMARQ - INFO - ✅ MongoDB conectado: cimarqdb
2025-10-13 19:53:29,380 - SimuladorCIMARQ - INFO - 📡 MQTT conectado: test.mosquitto.org:1883
2025-10-13 19:53:29,381 - SimuladorCIMARQ - INFO - ✅ Simulador iniciado correctamente - Modo 24/7 activo
2025-10-13 19:53:29,381 - SimuladorCIMARQ - INFO - 🔄 Iniciando ciclo de simulación - Sistema unificado
2025-10-13 19:53:29,382 - SimuladorCIMARQ - INFO - 📊 Datos Completos sin Nulos: T=14.65°C, pH=8.115, O2=7.75mg/L | MQTT=❌ | MongoDB=Via Backend
2025-10-13 19:53:29,383 - SimuladorCIMARQ - INFO - � MQTT Unificado: {temperatura: 14.65, ph: 8.115, oxigeno: 7.75, fecha: 1760396009383}
2025-10-13 19:53:29,383 - SimuladorCIMARQ - INFO - ✅ Ciclo completado en 0.00s | Éxito: 0.0% (0/1)
2025-10-13 19:53:29,384 - SimuladorCIMARQ - INFO - ⏰ Próximo ciclo: 19:58:29
2025-10-13 19:53:29,606 - SimuladorCIMARQ - INFO - ✅ MQTT broker conectado exitosamente
2025-10-13 19:54:45,619 - SimuladorCIMARQ - INFO - 🛑 Señal de parada recibida, cerrando simulador...
2025-10-13 19:54:46,403 - SimuladorCIMARQ - INFO - 🧹 Cerrando conexiones...
2025-10-13 19:54:46,957 - SimuladorCIMARQ - WARNING - ⚠️ MQTT desconectado, código: 0
2025-10-13 19:54:46,958 - SimuladorCIMARQ - INFO - 📡 MQTT desconectado
2025-10-13 19:54:47,053 - SimuladorCIMARQ - INFO - 💾 MongoDB desconectado
2025-10-13 19:54:47,055 - SimuladorCIMARQ - INFO - ✅ Simulador cerrado correctamente
2025-10-13 19:54:49,836 - SimuladorCIMARQ - INFO - ⚙️ Configuración cargada - Intervalo: 300.0s, Sensores especializados: 3
2025-10-13 19:54:49,837 - SimuladorCIMARQ - INFO - 🚀 Simulador CIMARQ inicializado
2025-10-13 19:54:49,837 - SimuladorCIMARQ - INFO - 🚀 Iniciando simulador continuo CIMARQ
2025-10-13 19:54:49,838 - SimuladorCIMARQ - INFO - 📍 Zona: Central Chile (Valparaíso/Quintay)
2025-10-13 19:54:49,838 - SimuladorCIMARQ - INFO - ⏱️ Intervalo: 300.0s (5.0 min)
2025-10-13 19:54:49,839 - SimuladorCIMARQ - INFO - 🔢 Sensores especializados: 3 (Temperatura, pH, Oxígeno)
2025-10-13 19:54:50,974 - SimuladorCIMARQ - INFO - ✅ MongoDB conectado: cimarqdb
2025-10-13 19:54:51,212 - SimuladorCIMARQ - INFO - 📡 MQTT conectado: test.mosquitto.org:1883
2025-10-13 19:54:51,213 - SimuladorCIMARQ - INFO - ✅ Simulador iniciado correctamente - Modo 24/7 activo
2025-10-13 19:54:51,213 - SimuladorCIMARQ - INFO - 🔄 Iniciando ciclo de simulación - Sistema unificado
2025-10-13 19:54:51,214 - SimuladorCIMARQ - WARNING - ⚠️ MQTT no conectado, no se puede enviar datos unificados
2025-10-13 19:54:51,215 - SimuladorCIMARQ - INFO - 📊 Datos Completos sin Nulos: T=14.06°C, pH=8.061, O2=7.94mg/L | MQTT=❌ | MongoDB=Via Backend
2025-10-13 19:54:51,215 - SimuladorCIMARQ - INFO - � MQTT Unificado: {temperatura: 14.06, ph: 8.061, oxigeno: 7.94, fecha: 1760396091215}
2025-10-13 19:54:51,216 - SimuladorCIMARQ - INFO - ✅ Ciclo completado en 0.00s | Éxito: 0.0% (0/1)
2025-10-13 19:54:51,216 - SimuladorCIMARQ - INFO - ⏰ Próximo ciclo: 19:59:51
2025-10-13 19:54:51,435 - SimuladorCIMARQ - INFO - ✅ MQTT broker conectado exitosamente
2025-10-13 19:59:51,320 - SimuladorCIMARQ - INFO - 🔄 Iniciando ciclo de simulación - Sistema unificado
2025-10-13 19:59:51,323 - SimuladorCIMARQ - INFO - 📊 Datos Completos sin Nulos: T=14.11°C, pH=8.065, O2=7.92mg/L | MQTT=✅ | MongoDB=Via Backend
2025-10-13 19:59:51,323 - SimuladorCIMARQ - INFO - � MQTT Unificado: {temperatura: 14.11, ph: 8.065, oxigeno: 7.92, fecha: 1760396391323}
2025-10-13 19:59:51,324 - SimuladorCIMARQ - INFO - ✅ Ciclo completado en 0.00s | Éxito: 100.0% (1/1)
2025-10-13 19:59:51,325 - SimuladorCIMARQ - INFO - ⏰ Próximo ciclo: 20:04:51
2025-10-13 20:04:51,434 - SimuladorCIMARQ - INFO - 🔄 Iniciando ciclo de simulación - Sistema unificado
2025-10-13 20:04:51,437 - SimuladorCIMARQ - INFO - 📊 Datos Completos sin Nulos: T=13.77°C, pH=8.046, O2=7.6mg/L | MQTT=✅ | MongoDB=Via Backend
2025-10-13 20:04:51,437 - SimuladorCIMARQ - INFO - � MQTT Unificado: {temperatura: 13.77, ph: 8.046, oxigeno: 7.6, fecha: 1760396691437}
2025-10-13 20:04:51,438 - SimuladorCIMARQ - INFO - ✅ Ciclo completado en 0.00s | Éxito: 100.0% (1/1)
2025-10-13 20:04:51,439 - SimuladorCIMARQ - INFO - ⏰ Próximo ciclo: 20:09:51
2025-10-13 20:09:51,556 - SimuladorCIMARQ - INFO - 🔄 Iniciando ciclo de simulación - Sistema unificado
2025-10-13 20:09:51,558 - SimuladorCIMARQ - INFO - 📊 Datos Completos sin Nulos: T=13.8°C, pH=8.043, O2=7.58mg/L | MQTT=✅ | MongoDB=Via Backend
2025-10-13 20:09:51,559 - SimuladorCIMARQ - INFO - � MQTT Unificado: {temperatura: 13.8, ph: 8.043, oxigeno: 7.58, fecha: 1760396991559}
2025-10-13 20:09:51,560 - SimuladorCIMARQ - INFO - ✅ Ciclo completado en 0.00s | Éxito: 100.0% (1/1)
2025-10-13 20:09:51,562 - SimuladorCIMARQ - INFO - ⏰ Próximo ciclo: 20:14:51
2025-10-13 20:14:51,663 - SimuladorCIMARQ - INFO - 🔄 Iniciando ciclo de simulación - Sistema unificado
2025-10-13 20:14:51,665 - SimuladorCIMARQ - INFO - 📊 Datos Completos sin Nulos: T=13.81°C, pH=8.04, O2=7.58mg/L | MQTT=✅ | MongoDB=Via Backend
2025-10-13 20:14:51,666 - SimuladorCIMARQ - INFO - � MQTT Unificado: {temperatura: 13.81, ph: 8.04, oxigeno: 7.58, fecha: 1760397291666}
2025-10-13 20:14:51,666 - SimuladorCIMARQ - INFO - ✅ Ciclo completado en 0.00s | Éxito: 100.0% (1/1)
2025-10-13 20:14:51,667 - SimuladorCIMARQ - INFO - ⏰ Próximo ciclo: 20:19:51
2025-10-13 20:19:51,781 - SimuladorCIMARQ - INFO - 🔄 Iniciando ciclo de simulación - Sistema unificado
2025-10-13 20:19:51,782 - SimuladorCIMARQ - INFO - 📊 Datos Completos sin Nulos: T=13.78°C, pH=8.037, O2=7.56mg/L | MQTT=✅ | MongoDB=Via Backend
2025-10-13 20:19:51,783 - SimuladorCIMARQ - INFO - � MQTT Unificado: {temperatura: 13.78, ph: 8.037, oxigeno: 7.56, fecha: 1760397591783}
2025-10-13 20:19:51,783 - SimuladorCIMARQ - INFO - ✅ Ciclo completado en 0.00s | Éxito: 100.0% (1/1)
2025-10-13 20:19:51,784 - SimuladorCIMARQ - INFO - ⏰ Próximo ciclo: 20:24:51
2025-10-13 20:20:38,021 - SimuladorCIMARQ - INFO - 🛑 Señal de parada recibida, cerrando simulador...
2025-10-13 20:20:38,797 - SimuladorCIMARQ - INFO - 🧹 Cerrando conexiones...
2025-10-13 20:20:39,311 - SimuladorCIMARQ - WARNING - ⚠️ MQTT desconectado, código: 0
2025-10-13 20:20:39,312 - SimuladorCIMARQ - INFO - 📡 MQTT desconectado
2025-10-13 20:20:39,407 - SimuladorCIMARQ - INFO - 💾 MongoDB desconectado
2025-10-13 20:20:39,408 - SimuladorCIMARQ - INFO - ✅ Simulador cerrado correctamente
2025-10-13 20:21:05,795 - SimuladorCIMARQ - INFO - ⚙️ Configuración cargada - Intervalo: 300.0s, Sensores especializados: 3
2025-10-13 20:21:05,795 - SimuladorCIMARQ - INFO - 🚀 Simulador CIMARQ inicializado
2025-10-13 20:21:05,796 - SimuladorCIMARQ - INFO - 🚀 Iniciando simulador continuo CIMARQ
2025-10-13 20:21:05,796 - SimuladorCIMARQ - INFO - 📍 Zona: Central Chile (Valparaíso/Quintay)
2025-10-13 20:21:05,797 - SimuladorCIMARQ - INFO - ⏱️ Intervalo: 300.0s (5.0 min)
2025-10-13 20:21:05,797 - SimuladorCIMARQ - INFO - 🔢 Sensores especializados: 3 (Temperatura, pH, Oxígeno)
2025-10-13 20:21:06,884 - SimuladorCIMARQ - INFO - ✅ MongoDB conectado: cimarqdb
2025-10-13 20:21:07,130 - SimuladorCIMARQ - INFO - 📡 MQTT conectado: test.mosquitto.org:1883
2025-10-13 20:21:07,131 - SimuladorCIMARQ - INFO - ✅ Simulador iniciado correctamente - Modo 24/7 activo
2025-10-13 20:21:07,131 - SimuladorCIMARQ - INFO - 🔄 Iniciando ciclo de simulación - Sistema unificado
2025-10-13 20:21:07,132 - SimuladorCIMARQ - WARNING - ⚠️ MQTT no conectado, no se puede enviar datos unificados
2025-10-13 20:21:07,133 - SimuladorCIMARQ - INFO - 📊 Datos Completos sin Nulos: T=13.94°C, pH=8.094, O2=7.65mg/L | MQTT=❌ | MongoDB=Via Backend
2025-10-13 20:21:07,133 - SimuladorCIMARQ - INFO - � MQTT Unificado: {temperatura: 13.94, ph: 8.094, oxigeno: 7.65, fecha: 1760397667133}
2025-10-13 20:21:07,134 - SimuladorCIMARQ - INFO - ✅ Ciclo completado en 0.00s | Éxito: 0.0% (0/1)
2025-10-13 20:21:07,135 - SimuladorCIMARQ - INFO - ⏰ Próximo ciclo: 20:26:07
2025-10-13 20:21:07,368 - SimuladorCIMARQ - INFO - ✅ MQTT broker conectado exitosamente
2025-10-13 20:26:07,246 - SimuladorCIMARQ - INFO - 🔄 Iniciando ciclo de simulación - Sistema unificado
2025-10-13 20:26:07,248 - SimuladorCIMARQ - INFO - 📊 Datos Completos sin Nulos: T=13.94°C, pH=8.084, O2=7.65mg/L | MQTT=✅ | MongoDB=Via Backend
2025-10-13 20:26:07,249 - SimuladorCIMARQ - INFO - � MQTT Unificado: {temperatura: 13.94, ph: 8.084, oxigeno: 7.65, fecha: 1760397967249}
2025-10-13 20:26:07,250 - SimuladorCIMARQ - INFO - ✅ Ciclo completado en 0.00s | Éxito: 100.0% (1/1)
2025-10-13 20:26:07,251 - SimuladorCIMARQ - INFO - ⏰ Próximo ciclo: 20:31:07
2025-10-13 20:31:07,361 - SimuladorCIMARQ - INFO - 🔄 Iniciando ciclo de simulación - Sistema unificado
2025-10-13 20:31:07,365 - SimuladorCIMARQ - INFO - 📊 Datos Completos sin Nulos: T=13.95°C, pH=8.086, O2=7.66mg/L | MQTT=✅ | MongoDB=Via Backend
2025-10-13 20:31:07,367 - SimuladorCIMARQ - INFO - � MQTT Unificado: {temperatura: 13.95, ph: 8.086, oxigeno: 7.66, fecha: 1760398267367}
2025-10-13 20:31:07,371 - SimuladorCIMARQ - INFO - ✅ Ciclo completado en 0.01s | Éxito: 100.0% (1/1)
2025-10-13 20:31:07,374 - SimuladorCIMARQ - INFO - ⏰ Próximo ciclo: 20:36:07
2025-10-13 20:36:07,479 - SimuladorCIMARQ - INFO - 🔄 Iniciando ciclo de simulación - Sistema unificado
2025-10-13 20:36:07,481 - SimuladorCIMARQ - INFO - 📊 Datos Completos sin Nulos: T=13.93°C, pH=8.08, O2=7.68mg/L | MQTT=✅ | MongoDB=Via Backend
2025-10-13 20:36:07,482 - SimuladorCIMARQ - INFO - � MQTT Unificado: {temperatura: 13.93, ph: 8.08, oxigeno: 7.68, fecha: 1760398567482}
2025-10-13 20:36:07,484 - SimuladorCIMARQ - INFO - ✅ Ciclo completado en 0.00s | Éxito: 100.0% (1/1)
2025-10-13 20:36:07,485 - SimuladorCIMARQ - INFO - ⏰ Próximo ciclo: 20:41:07
2025-10-13 20:41:07,616 - SimuladorCIMARQ - INFO - 🔄 Iniciando ciclo de simulación - Sistema unificado
2025-10-13 20:41:07,620 - SimuladorCIMARQ - INFO - 📊 Datos Completos sin Nulos: T=13.95°C, pH=8.082, O2=7.69mg/L | MQTT=✅ | MongoDB=Via Backend
2025-10-13 20:41:07,621 - SimuladorCIMARQ - INFO - � MQTT Unificado: {temperatura: 13.95, ph: 8.082, oxigeno: 7.69, fecha: 1760398867621}
2025-10-13 20:41:07,623 - SimuladorCIMARQ - INFO - ✅ Ciclo completado en 0.01s | Éxito: 100.0% (1/1)
2025-10-13 20:41:07,625 - SimuladorCIMARQ - INFO - ⏰ Próximo ciclo: 20:46:07
2025-10-13 20:46:07,755 - SimuladorCIMARQ - INFO - 🔄 Iniciando ciclo de simulación - Sistema unificado
2025-10-13 20:46:07,757 - SimuladorCIMARQ - INFO - 📊 Datos Completos sin Nulos: T=13.92°C, pH=8.082, O2=7.68mg/L | MQTT=✅ | MongoDB=Via Backend
2025-10-13 20:46:07,758 - SimuladorCIMARQ - INFO - � MQTT Unificado: {temperatura: 13.92, ph: 8.082, oxigeno: 7.68, fecha: 1760399167758}
2025-10-13 20:46:07,758 - SimuladorCIMARQ - INFO - ✅ Ciclo completado en 0.00s | Éxito: 100.0% (1/1)
2025-10-13 20:46:07,759 - SimuladorCIMARQ - INFO - ⏰ Próximo ciclo: 20:51:07
2025-10-13 20:51:07,866 - SimuladorCIMARQ - INFO - 🔄 Iniciando ciclo de simulación - Sistema unificado
2025-10-13 20:51:07,869 - SimuladorCIMARQ - INFO - 📊 Datos Completos sin Nulos: T=13.93°C, pH=8.092, O2=7.69mg/L | MQTT=✅ | MongoDB=Via Backend
2025-10-13 20:51:07,870 - SimuladorCIMARQ - INFO - � MQTT Unificado: {temperatura: 13.93, ph: 8.092, oxigeno: 7.69, fecha: 1760399467870}
2025-10-13 20:51:07,871 - SimuladorCIMARQ - INFO - ✅ Ciclo completado en 0.00s | Éxito: 100.0% (1/1)
2025-10-13 20:51:07,872 - SimuladorCIMARQ - INFO - ⏰ Próximo ciclo: 20:56:07
2025-10-13 20:56:07,982 - SimuladorCIMARQ - INFO - 🔄 Iniciando ciclo de simulación - Sistema unificado
2025-10-13 20:56:07,985 - SimuladorCIMARQ - INFO - 📊 Datos Completos sin Nulos: T=13.99°C, pH=8.091, O2=7.69mg/L | MQTT=✅ | MongoDB=Via Backend
2025-10-13 20:56:07,985 - SimuladorCIMARQ - INFO - � MQTT Unificado: {temperatura: 13.99, ph: 8.091, oxigeno: 7.69, fecha: 1760399767985}
2025-10-13 20:56:07,987 - SimuladorCIMARQ - INFO - ✅ Ciclo completado en 0.01s | Éxito: 100.0% (1/1)
2025-10-13 20:56:07,988 - SimuladorCIMARQ - INFO - ⏰ Próximo ciclo: 21:01:07
2025-10-13 21:01:08,095 - SimuladorCIMARQ - INFO - 🔄 Iniciando ciclo de simulación - Sistema unificado
2025-10-13 21:01:08,099 - SimuladorCIMARQ - INFO - 📊 Datos Completos sin Nulos: T=13.64°C, pH=8.073, O2=7.36mg/L | MQTT=✅ | MongoDB=Via Backend
2025-10-13 21:01:08,100 - SimuladorCIMARQ - INFO - � MQTT Unificado: {temperatura: 13.64, ph: 8.073, oxigeno: 7.36, fecha: 1760400068099}
2025-10-13 21:01:08,100 - SimuladorCIMARQ - INFO - ✅ Ciclo completado en 0.01s | Éxito: 100.0% (1/1)
2025-10-13 21:01:08,101 - SimuladorCIMARQ - INFO - ⏰ Próximo ciclo: 21:06:08
2025-10-13 21:06:08,215 - SimuladorCIMARQ - INFO - 🔄 Iniciando ciclo de simulación - Sistema unificado
2025-10-13 21:06:08,219 - SimuladorCIMARQ - INFO - 📊 Datos Completos sin Nulos: T=13.59°C, pH=8.069, O2=7.35mg/L | MQTT=✅ | MongoDB=Via Backend
2025-10-13 21:06:08,220 - SimuladorCIMARQ - INFO - � MQTT Unificado: {temperatura: 13.59, ph: 8.069, oxigeno: 7.35, fecha: 1760400368220}
2025-10-13 21:06:08,222 - SimuladorCIMARQ - INFO - ✅ Ciclo completado en 0.01s | Éxito: 100.0% (1/1)
2025-10-13 21:06:08,224 - SimuladorCIMARQ - INFO - ⏰ Próximo ciclo: 21:11:08
2025-10-13 21:11:08,349 - SimuladorCIMARQ - INFO - 🔄 Iniciando ciclo de simulación - Sistema unificado
2025-10-13 21:11:08,351 - SimuladorCIMARQ - INFO - 📊 Datos Completos sin Nulos: T=13.65°C, pH=8.065, O2=7.38mg/L | MQTT=✅ | MongoDB=Via Backend
2025-10-13 21:11:08,352 - SimuladorCIMARQ - INFO - � MQTT Unificado: {temperatura: 13.65, ph: 8.065, oxigeno: 7.38, fecha: 1760400668352}
2025-10-13 21:11:08,353 - SimuladorCIMARQ - INFO - ✅ Ciclo completado en 0.00s | Éxito: 100.0% (1/1)
2025-10-13 21:11:08,355 - SimuladorCIMARQ - INFO - ⏰ Próximo ciclo: 21:16:08
2025-10-13 21:16:08,471 - SimuladorCIMARQ - INFO - 🔄 Iniciando ciclo de simulación - Sistema unificado
2025-10-13 21:16:08,474 - SimuladorCIMARQ - INFO - 📊 Datos Completos sin Nulos: T=13.63°C, pH=8.065, O2=7.39mg/L | MQTT=✅ | MongoDB=Via Backend
2025-10-13 21:16:08,474 - SimuladorCIMARQ - INFO - � MQTT Unificado: {temperatura: 13.63, ph: 8.065, oxigeno: 7.39, fecha: 1760400968474}
2025-10-13 21:16:08,475 - SimuladorCIMARQ - INFO - ✅ Ciclo completado en 0.00s | Éxito: 100.0% (1/1)
2025-10-13 21:16:08,475 - SimuladorCIMARQ - INFO - ⏰ Próximo ciclo: 21:21:08
2025-10-13 21:21:08,553 - SimuladorCIMARQ - INFO - 🔄 Iniciando ciclo de simulación - Sistema unificado
2025-10-13 21:21:08,556 - SimuladorCIMARQ - INFO - 📊 Datos Completos sin Nulos: T=13.57°C, pH=8.072, O2=7.36mg/L | MQTT=✅ | MongoDB=Via Backend
2025-10-13 21:21:08,557 - SimuladorCIMARQ - INFO - � MQTT Unificado: {temperatura: 13.57, ph: 8.072, oxigeno: 7.36, fecha: 1760401268557}
2025-10-13 21:21:08,557 - SimuladorCIMARQ - INFO - ✅ Ciclo completado en 0.00s | Éxito: 100.0% (1/1)
2025-10-13 21:21:08,558 - SimuladorCIMARQ - INFO - ⏰ Próximo ciclo: 21:26:08
2025-10-13 21:26:08,659 - SimuladorCIMARQ - INFO - 🔄 Iniciando ciclo de simulación - Sistema unificado
2025-10-13 21:26:08,661 - SimuladorCIMARQ - INFO - 📊 Datos Completos sin Nulos: T=13.65°C, pH=8.077, O2=7.36mg/L | MQTT=✅ | MongoDB=Via Backend
2025-10-13 21:26:08,662 - SimuladorCIMARQ - INFO - � MQTT Unificado: {temperatura: 13.65, ph: 8.077, oxigeno: 7.36, fecha: 1760401568662}
2025-10-13 21:26:08,663 - SimuladorCIMARQ - INFO - ✅ Ciclo completado en 0.00s | Éxito: 100.0% (1/1)
2025-10-13 21:26:08,664 - SimuladorCIMARQ - INFO - ⏰ Próximo ciclo: 21:31:08
2025-10-13 21:31:08,755 - SimuladorCIMARQ - INFO - 🔄 Iniciando ciclo de simulación - Sistema unificado
2025-10-13 21:31:08,781 - SimuladorCIMARQ - INFO - 📊 Datos Completos sin Nulos: T=13.66°C, pH=8.082, O2=7.37mg/L | MQTT=✅ | MongoDB=Via Backend
2025-10-13 21:31:08,782 - SimuladorCIMARQ - INFO - � MQTT Unificado: {temperatura: 13.66, ph: 8.082, oxigeno: 7.37, fecha: 1760401868782}
2025-10-13 21:31:08,783 - SimuladorCIMARQ - INFO - ✅ Ciclo completado en 0.03s | Éxito: 100.0% (1/1)
2025-10-13 21:31:08,783 - SimuladorCIMARQ - INFO - ⏰ Próximo ciclo: 21:36:08
2025-10-13 21:36:08,889 - SimuladorCIMARQ - INFO - 🔄 Iniciando ciclo de simulación - Sistema unificado
2025-10-13 21:36:08,913 - SimuladorCIMARQ - INFO - 📊 Datos Completos sin Nulos: T=13.63°C, pH=8.074, O2=7.34mg/L | MQTT=✅ | MongoDB=Via Backend
2025-10-13 21:36:08,915 - SimuladorCIMARQ - INFO - � MQTT Unificado: {temperatura: 13.63, ph: 8.074, oxigeno: 7.34, fecha: 1760402168915}
2025-10-13 21:36:08,916 - SimuladorCIMARQ - INFO - ✅ Ciclo completado en 0.03s | Éxito: 100.0% (1/1)
2025-10-13 21:36:08,918 - SimuladorCIMARQ - INFO - ⏰ Próximo ciclo: 21:41:08
2025-10-13 21:41:09,035 - SimuladorCIMARQ - INFO - 🔄 Iniciando ciclo de simulación - Sistema unificado
2025-10-13 21:41:09,060 - SimuladorCIMARQ - INFO - 📊 Datos Completos sin Nulos: T=13.64°C, pH=8.077, O2=7.36mg/L | MQTT=✅ | MongoDB=Via Backend
2025-10-13 21:41:09,061 - SimuladorCIMARQ - INFO - � MQTT Unificado: {temperatura: 13.64, ph: 8.077, oxigeno: 7.36, fecha: 1760402469061}
2025-10-13 21:41:09,061 - SimuladorCIMARQ - INFO - ✅ Ciclo completado en 0.03s | Éxito: 100.0% (1/1)
2025-10-13 21:41:09,062 - SimuladorCIMARQ - INFO - ⏰ Próximo ciclo: 21:46:09
2025-10-13 21:44:43,876 - SimuladorCIMARQ - INFO - 🛑 Señal de parada recibida, cerrando simulador...
2025-10-13 21:44:44,146 - SimuladorCIMARQ - INFO - 🧹 Cerrando conexiones...
2025-10-13 21:44:44,536 - SimuladorCIMARQ - WARNING - ⚠️ MQTT desconectado, código: 0
2025-10-13 21:44:44,539 - SimuladorCIMARQ - INFO - 📡 MQTT desconectado
2025-10-13 21:44:44,672 - SimuladorCIMARQ - INFO - 💾 MongoDB desconectado
2025-10-13 21:44:44,673 - SimuladorCIMARQ - INFO - ✅ Simulador cerrado correctamente
2025-10-13 21:44:48,067 - SimuladorCIMARQ - INFO - ⚙️ Configuración cargada - Intervalo: 300.0s, Sensores especializados: 3
2025-10-13 21:44:48,067 - SimuladorCIMARQ - INFO - 🚀 Simulador CIMARQ inicializado
2025-10-13 21:44:48,068 - SimuladorCIMARQ - INFO - 🚀 Iniciando simulador continuo CIMARQ
2025-10-13 21:44:48,068 - SimuladorCIMARQ - INFO - 📍 Zona: Central Chile (Valparaíso/Quintay)
2025-10-13 21:44:48,069 - SimuladorCIMARQ - INFO - ⏱️ Intervalo: 300.0s (5.0 min)
2025-10-13 21:44:48,069 - SimuladorCIMARQ - INFO - 🔢 Sensores especializados: 3 (Temperatura, pH, Oxígeno)
2025-10-13 21:44:49,203 - SimuladorCIMARQ - INFO - ✅ MongoDB conectado: cimarqdb
2025-10-13 21:44:49,434 - SimuladorCIMARQ - INFO - 📡 MQTT conectado: test.mosquitto.org:1883
2025-10-13 21:44:49,435 - SimuladorCIMARQ - INFO - ✅ Simulador iniciado correctamente - Modo 24/7 activo
2025-10-13 21:44:49,436 - SimuladorCIMARQ - INFO - 🔄 Iniciando ciclo de simulación - Sistema unificado
2025-10-13 21:44:49,436 - SimuladorCIMARQ - WARNING - ⚠️ MQTT no conectado, no se puede enviar datos unificados
2025-10-13 21:44:49,437 - SimuladorCIMARQ - INFO - 📊 Datos Completos sin Nulos: T=13.79°C, pH=8.099, O2=6.98mg/L | MQTT=❌ | MongoDB=Via Backend
2025-10-13 21:44:49,437 - SimuladorCIMARQ - INFO - � MQTT Unificado: {temperatura: 13.79, ph: 8.099, oxigeno: 6.98, fecha: 1760402689437}
2025-10-13 21:44:49,438 - SimuladorCIMARQ - INFO - ✅ Ciclo completado en 0.00s | Éxito: 0.0% (0/1)
2025-10-13 21:44:49,438 - SimuladorCIMARQ - INFO - ⏰ Próximo ciclo: 21:49:49
2025-10-13 21:44:49,652 - SimuladorCIMARQ - INFO - ✅ MQTT broker conectado exitosamente
2025-10-13 21:49:49,530 - SimuladorCIMARQ - INFO - 🔄 Iniciando ciclo de simulación - Sistema unificado
2025-10-13 21:49:49,534 - SimuladorCIMARQ - INFO - 📊 Datos Completos sin Nulos: T=13.72°C, pH=8.088, O2=6.95mg/L | MQTT=✅ | MongoDB=Via Backend
2025-10-13 21:49:49,535 - SimuladorCIMARQ - INFO - � MQTT Unificado: {temperatura: 13.72, ph: 8.088, oxigeno: 6.95, fecha: 1760402989535}
2025-10-13 21:49:49,537 - SimuladorCIMARQ - INFO - ✅ Ciclo completado en 0.01s | Éxito: 100.0% (1/1)
2025-10-13 21:49:49,538 - SimuladorCIMARQ - INFO - ⏰ Próximo ciclo: 21:54:49
2025-10-13 21:54:49,642 - SimuladorCIMARQ - INFO - 🔄 Iniciando ciclo de simulación - Sistema unificado
2025-10-13 21:54:49,644 - SimuladorCIMARQ - INFO - 📊 Datos Completos sin Nulos: T=13.79°C, pH=8.094, O2=6.97mg/L | MQTT=✅ | MongoDB=Via Backend
2025-10-13 21:54:49,646 - SimuladorCIMARQ - INFO - � MQTT Unificado: {temperatura: 13.79, ph: 8.094, oxigeno: 6.97, fecha: 1760403289646}
2025-10-13 21:54:49,649 - SimuladorCIMARQ - INFO - ✅ Ciclo completado en 0.01s | Éxito: 100.0% (1/1)
2025-10-13 21:54:49,650 - SimuladorCIMARQ - INFO - ⏰ Próximo ciclo: 21:59:49
2025-10-13 21:59:49,739 - SimuladorCIMARQ - INFO - 🔄 Iniciando ciclo de simulación - Sistema unificado
2025-10-13 21:59:49,740 - SimuladorCIMARQ - INFO - 📊 Datos Completos sin Nulos: T=13.78°C, pH=8.106, O2=7.02mg/L | MQTT=✅ | MongoDB=Via Backend
2025-10-13 21:59:49,741 - SimuladorCIMARQ - INFO - � MQTT Unificado: {temperatura: 13.78, ph: 8.106, oxigeno: 7.02, fecha: 1760403589741}
2025-10-13 21:59:49,741 - SimuladorCIMARQ - INFO - ✅ Ciclo completado en 0.00s | Éxito: 100.0% (1/1)
2025-10-13 21:59:49,742 - SimuladorCIMARQ - INFO - ⏰ Próximo ciclo: 22:04:49
2025-10-13 22:04:49,855 - SimuladorCIMARQ - INFO - 🔄 Iniciando ciclo de simulación - Sistema unificado
2025-10-13 22:04:49,857 - SimuladorCIMARQ - INFO - 📊 Datos Completos sin Nulos: T=13.54°C, pH=8.077, O2=6.66mg/L | MQTT=✅ | MongoDB=Via Backend
2025-10-13 22:04:49,858 - SimuladorCIMARQ - INFO - � MQTT Unificado: {temperatura: 13.54, ph: 8.077, oxigeno: 6.66, fecha: 1760403889858}
2025-10-13 22:04:49,858 - SimuladorCIMARQ - INFO - ✅ Ciclo completado en 0.00s | Éxito: 100.0% (1/1)
2025-10-13 22:04:49,859 - SimuladorCIMARQ - INFO - ⏰ Próximo ciclo: 22:09:49
2025-10-13 22:09:49,952 - SimuladorCIMARQ - INFO - 🔄 Iniciando ciclo de simulación - Sistema unificado
2025-10-13 22:09:49,954 - SimuladorCIMARQ - INFO - 📊 Datos Completos sin Nulos: T=13.42°C, pH=8.074, O2=6.72mg/L | MQTT=✅ | MongoDB=Via Backend
2025-10-13 22:09:49,955 - SimuladorCIMARQ - INFO - � MQTT Unificado: {temperatura: 13.42, ph: 8.074, oxigeno: 6.72, fecha: 1760404189955}
2025-10-13 22:09:49,956 - SimuladorCIMARQ - INFO - ✅ Ciclo completado en 0.00s | Éxito: 100.0% (1/1)
2025-10-13 22:09:49,957 - SimuladorCIMARQ - INFO - ⏰ Próximo ciclo: 22:14:49
2025-10-13 22:13:00,211 - SimuladorCIMARQ - WARNING - ⚠️ MQTT desconectado, código: 7
2025-10-13 22:28:16,336 - SimuladorCIMARQ - INFO - ✅ MQTT broker conectado exitosamente
2025-10-13 22:28:16,384 - SimuladorCIMARQ - INFO - 🔄 Iniciando ciclo de simulación - Sistema unificado
2025-10-13 22:28:16,386 - SimuladorCIMARQ - INFO - 📊 Datos Completos sin Nulos: T=13.49°C, pH=8.069, O2=6.71mg/L | MQTT=✅ | MongoDB=Via Backend
2025-10-13 22:28:16,386 - SimuladorCIMARQ - INFO - � MQTT Unificado: {temperatura: 13.49, ph: 8.069, oxigeno: 6.71, fecha: 1760405296386}
2025-10-13 22:28:16,387 - SimuladorCIMARQ - INFO - ✅ Ciclo completado en 0.00s | Éxito: 100.0% (1/1)
2025-10-13 22:28:16,387 - SimuladorCIMARQ - INFO - ⏰ Próximo ciclo: 22:33:16
2025-10-14 00:04:21,769 - SimuladorCIMARQ - INFO - 🔄 Iniciando ciclo de simulación - Sistema unificado
2025-10-14 00:04:21,772 - SimuladorCIMARQ - INFO - 📊 Datos Completos sin Nulos: T=13.18°C, pH=7.993, O2=6.07mg/L | MQTT=✅ | MongoDB=Via Backend
2025-10-14 00:04:21,772 - SimuladorCIMARQ - INFO - � MQTT Unificado: {temperatura: 13.18, ph: 7.993, oxigeno: 6.07, fecha: 1760411061772}
2025-10-14 00:04:21,773 - SimuladorCIMARQ - INFO - ✅ Ciclo completado en 0.00s | Éxito: 100.0% (1/1)
2025-10-14 00:04:21,774 - SimuladorCIMARQ - INFO - ⏰ Próximo ciclo: 00:09:21
2025-10-14 00:04:21,776 - SimuladorCIMARQ - WARNING - ⚠️ MQTT desconectado, código: 7
2025-10-14 00:04:25,835 - SimuladorCIMARQ - INFO - ✅ MQTT broker conectado exitosamente
2025-10-14 00:09:21,856 - SimuladorCIMARQ - INFO - 🔄 Iniciando ciclo de simulación - Sistema unificado
2025-10-14 00:09:21,858 - SimuladorCIMARQ - INFO - 📊 Datos Completos sin Nulos: T=13.27°C, pH=7.988, O2=6.07mg/L | MQTT=✅ | MongoDB=Via Backend
2025-10-14 00:09:21,859 - SimuladorCIMARQ - INFO - � MQTT Unificado: {temperatura: 13.27, ph: 7.988, oxigeno: 6.07, fecha: 1760411361859}
2025-10-14 00:09:21,860 - SimuladorCIMARQ - INFO - ✅ Ciclo completado en 0.00s | Éxito: 100.0% (1/1)
2025-10-14 00:09:21,860 - SimuladorCIMARQ - INFO - ⏰ Próximo ciclo: 00:14:21
2025-10-14 00:14:21,964 - SimuladorCIMARQ - INFO - 🔄 Iniciando ciclo de simulación - Sistema unificado
2025-10-14 00:14:21,967 - SimuladorCIMARQ - INFO - 📊 Datos Completos sin Nulos: T=13.27°C, pH=7.984, O2=6.07mg/L | MQTT=✅ | MongoDB=Via Backend
2025-10-14 00:14:21,969 - SimuladorCIMARQ - INFO - � MQTT Unificado: {temperatura: 13.27, ph: 7.984, oxigeno: 6.07, fecha: 1760411661969}
2025-10-14 00:14:21,970 - SimuladorCIMARQ - INFO - ✅ Ciclo completado en 0.01s | Éxito: 100.0% (1/1)
2025-10-14 00:14:21,970 - SimuladorCIMARQ - INFO - ⏰ Próximo ciclo: 00:19:21
2025-10-14 00:19:22,058 - SimuladorCIMARQ - INFO - 🔄 Iniciando ciclo de simulación - Sistema unificado
2025-10-14 00:19:22,059 - SimuladorCIMARQ - INFO - 📊 Datos Completos sin Nulos: T=13.24°C, pH=7.991, O2=6.09mg/L | MQTT=✅ | MongoDB=Via Backend
2025-10-14 00:19:22,062 - SimuladorCIMARQ - INFO - � MQTT Unificado: {temperatura: 13.24, ph: 7.991, oxigeno: 6.09, fecha: 1760411962060}
2025-10-14 00:19:22,063 - SimuladorCIMARQ - INFO - ✅ Ciclo completado en 0.01s | Éxito: 100.0% (1/1)
2025-10-14 00:19:22,064 - SimuladorCIMARQ - INFO - ⏰ Próximo ciclo: 00:24:22
2025-10-14 00:24:22,152 - SimuladorCIMARQ - INFO - 🔄 Iniciando ciclo de simulación - Sistema unificado
2025-10-14 00:24:22,153 - SimuladorCIMARQ - INFO - 📊 Datos Completos sin Nulos: T=13.14°C, pH=7.986, O2=6.11mg/L | MQTT=✅ | MongoDB=Via Backend
2025-10-14 00:24:22,154 - SimuladorCIMARQ - INFO - � MQTT Unificado: {temperatura: 13.14, ph: 7.986, oxigeno: 6.11, fecha: 1760412262154}
2025-10-14 00:24:22,154 - SimuladorCIMARQ - INFO - ✅ Ciclo completado en 0.00s | Éxito: 100.0% (1/1)
2025-10-14 00:24:22,155 - SimuladorCIMARQ - INFO - ⏰ Próximo ciclo: 00:29:22
2025-10-14 00:29:22,228 - SimuladorCIMARQ - INFO - 🔄 Iniciando ciclo de simulación - Sistema unificado
2025-10-14 00:29:22,231 - SimuladorCIMARQ - INFO - 📊 Datos Completos sin Nulos: T=13.12°C, pH=7.994, O2=6.12mg/L | MQTT=✅ | MongoDB=Via Backend
2025-10-14 00:29:22,232 - SimuladorCIMARQ - INFO - � MQTT Unificado: {temperatura: 13.12, ph: 7.994, oxigeno: 6.12, fecha: 1760412562232}
2025-10-14 00:29:22,233 - SimuladorCIMARQ - INFO - ✅ Ciclo completado en 0.01s | Éxito: 100.0% (1/1)
2025-10-14 00:29:22,234 - SimuladorCIMARQ - INFO - ⏰ Próximo ciclo: 00:34:22
2025-10-14 00:34:22,330 - SimuladorCIMARQ - INFO - 🔄 Iniciando ciclo de simulación - Sistema unificado
2025-10-14 00:34:22,332 - SimuladorCIMARQ - INFO - 📊 Datos Completos sin Nulos: T=13.22°C, pH=7.991, O2=6.13mg/L | MQTT=✅ | MongoDB=Via Backend
2025-10-14 00:34:22,332 - SimuladorCIMARQ - INFO - � MQTT Unificado: {temperatura: 13.22, ph: 7.991, oxigeno: 6.13, fecha: 1760412862332}
2025-10-14 00:34:22,333 - SimuladorCIMARQ - INFO - ✅ Ciclo completado en 0.00s | Éxito: 100.0% (1/1)
2025-10-14 00:34:22,333 - SimuladorCIMARQ - INFO - ⏰ Próximo ciclo: 00:39:22
2025-10-14 00:39:22,431 - SimuladorCIMARQ - INFO - 🔄 Iniciando ciclo de simulación - Sistema unificado
2025-10-14 00:39:22,432 - SimuladorCIMARQ - INFO - 📊 Datos Completos sin Nulos: T=13.19°C, pH=7.981, O2=6.11mg/L | MQTT=✅ | MongoDB=Via Backend
2025-10-14 00:39:22,433 - SimuladorCIMARQ - INFO - � MQTT Unificado: {temperatura: 13.19, ph: 7.981, oxigeno: 6.11, fecha: 1760413162433}
2025-10-14 00:39:22,434 - SimuladorCIMARQ - INFO - ✅ Ciclo completado en 0.00s | Éxito: 100.0% (1/1)
2025-10-14 00:39:22,434 - SimuladorCIMARQ - INFO - ⏰ Próximo ciclo: 00:44:22
2025-10-14 00:44:22,544 - SimuladorCIMARQ - INFO - 🔄 Iniciando ciclo de simulación - Sistema unificado
2025-10-14 00:44:22,547 - SimuladorCIMARQ - INFO - 📊 Datos Completos sin Nulos: T=13.17°C, pH=7.977, O2=6.12mg/L | MQTT=✅ | MongoDB=Via Backend
2025-10-14 00:44:22,548 - SimuladorCIMARQ - INFO - � MQTT Unificado: {temperatura: 13.17, ph: 7.977, oxigeno: 6.12, fecha: 1760413462548}
2025-10-14 00:44:22,549 - SimuladorCIMARQ - INFO - ✅ Ciclo completado en 0.00s | Éxito: 100.0% (1/1)
2025-10-14 00:44:22,550 - SimuladorCIMARQ - INFO - ⏰ Próximo ciclo: 00:49:22
2025-10-14 00:49:22,599 - SimuladorCIMARQ - INFO - 🔄 Iniciando ciclo de simulación - Sistema unificado
2025-10-14 00:49:22,603 - SimuladorCIMARQ - INFO - 📊 Datos Completos sin Nulos: T=13.1°C, pH=7.969, O2=6.12mg/L | MQTT=✅ | MongoDB=Via Backend
2025-10-14 00:49:22,604 - SimuladorCIMARQ - INFO - � MQTT Unificado: {temperatura: 13.1, ph: 7.969, oxigeno: 6.12, fecha: 1760413762604}
2025-10-14 00:49:22,607 - SimuladorCIMARQ - INFO - ✅ Ciclo completado en 0.01s | Éxito: 100.0% (1/1)
2025-10-14 00:49:22,608 - SimuladorCIMARQ - INFO - ⏰ Próximo ciclo: 00:54:22
2025-10-14 00:54:22,680 - SimuladorCIMARQ - INFO - 🔄 Iniciando ciclo de simulación - Sistema unificado
2025-10-14 00:54:22,683 - SimuladorCIMARQ - INFO - 📊 Datos Completos sin Nulos: T=13.13°C, pH=7.967, O2=6.1mg/L | MQTT=✅ | MongoDB=Via Backend
2025-10-14 00:54:22,684 - SimuladorCIMARQ - INFO - � MQTT Unificado: {temperatura: 13.13, ph: 7.967, oxigeno: 6.1, fecha: 1760414062684}
2025-10-14 00:54:22,684 - SimuladorCIMARQ - INFO - ✅ Ciclo completado en 0.00s | Éxito: 100.0% (1/1)
2025-10-14 00:54:22,685 - SimuladorCIMARQ - INFO - ⏰ Próximo ciclo: 00:59:22
2025-10-14 00:59:22,770 - SimuladorCIMARQ - INFO - 🔄 Iniciando ciclo de simulación - Sistema unificado
2025-10-14 00:59:22,771 - SimuladorCIMARQ - INFO - 📊 Datos Completos sin Nulos: T=13.12°C, pH=7.959, O2=6.07mg/L | MQTT=✅ | MongoDB=Via Backend
2025-10-14 00:59:22,772 - SimuladorCIMARQ - INFO - � MQTT Unificado: {temperatura: 13.12, ph: 7.959, oxigeno: 6.07, fecha: 1760414362772}
2025-10-14 00:59:22,772 - SimuladorCIMARQ - INFO - ✅ Ciclo completado en 0.00s | Éxito: 100.0% (1/1)
2025-10-14 00:59:22,773 - SimuladorCIMARQ - INFO - ⏰ Próximo ciclo: 01:04:22
2025-10-14 01:04:22,831 - SimuladorCIMARQ - INFO - 🔄 Iniciando ciclo de simulación - Sistema unificado
2025-10-14 01:04:22,833 - SimuladorCIMARQ - INFO - 📊 Datos Completos sin Nulos: T=13.24°C, pH=7.927, O2=5.82mg/L | MQTT=✅ | MongoDB=Via Backend
2025-10-14 01:04:22,833 - SimuladorCIMARQ - INFO - � MQTT Unificado: {temperatura: 13.24, ph: 7.927, oxigeno: 5.82, fecha: 1760414662833}
2025-10-14 01:04:22,834 - SimuladorCIMARQ - INFO - ✅ Ciclo completado en 0.00s | Éxito: 100.0% (1/1)
2025-10-14 01:04:22,834 - SimuladorCIMARQ - INFO - ⏰ Próximo ciclo: 01:09:22
2025-10-14 01:09:22,900 - SimuladorCIMARQ - INFO - 🔄 Iniciando ciclo de simulación - Sistema unificado
2025-10-14 01:09:22,902 - SimuladorCIMARQ - INFO - 📊 Datos Completos sin Nulos: T=13.28°C, pH=7.93, O2=5.82mg/L | MQTT=✅ | MongoDB=Via Backend
2025-10-14 01:09:22,903 - SimuladorCIMARQ - INFO - � MQTT Unificado: {temperatura: 13.28, ph: 7.93, oxigeno: 5.82, fecha: 1760414962903}
2025-10-14 01:09:22,904 - SimuladorCIMARQ - INFO - ✅ Ciclo completado en 0.00s | Éxito: 100.0% (1/1)
2025-10-14 01:09:22,905 - SimuladorCIMARQ - INFO - ⏰ Próximo ciclo: 01:14:22
2025-10-14 01:14:23,200 - SimuladorCIMARQ - INFO - 🔄 Iniciando ciclo de simulación - Sistema unificado
2025-10-14 01:14:23,201 - SimuladorCIMARQ - INFO - 📊 Datos Completos sin Nulos: T=13.15°C, pH=7.93, O2=5.86mg/L | MQTT=✅ | MongoDB=Via Backend
2025-10-14 01:14:23,202 - SimuladorCIMARQ - INFO - � MQTT Unificado: {temperatura: 13.15, ph: 7.93, oxigeno: 5.86, fecha: 1760415263202}
2025-10-14 01:14:23,203 - SimuladorCIMARQ - INFO - ✅ Ciclo completado en 0.00s | Éxito: 100.0% (1/1)
2025-10-14 01:14:23,203 - SimuladorCIMARQ - INFO - ⏰ Próximo ciclo: 01:19:23
2025-10-14 01:19:23,267 - SimuladorCIMARQ - INFO - 🔄 Iniciando ciclo de simulación - Sistema unificado
2025-10-14 01:19:23,268 - SimuladorCIMARQ - INFO - 📊 Datos Completos sin Nulos: T=13.19°C, pH=7.942, O2=5.88mg/L | MQTT=✅ | MongoDB=Via Backend
2025-10-14 01:19:23,269 - SimuladorCIMARQ - INFO - � MQTT Unificado: {temperatura: 13.19, ph: 7.942, oxigeno: 5.88, fecha: 1760415563269}
2025-10-14 01:19:23,270 - SimuladorCIMARQ - INFO - ✅ Ciclo completado en 0.00s | Éxito: 100.0% (1/1)
2025-10-14 01:19:23,271 - SimuladorCIMARQ - INFO - ⏰ Próximo ciclo: 01:24:23
2025-10-14 01:24:23,342 - SimuladorCIMARQ - INFO - 🔄 Iniciando ciclo de simulación - Sistema unificado
2025-10-14 01:24:23,345 - SimuladorCIMARQ - INFO - 📊 Datos Completos sin Nulos: T=13.17°C, pH=7.944, O2=5.88mg/L | MQTT=✅ | MongoDB=Via Backend
2025-10-14 01:24:23,346 - SimuladorCIMARQ - INFO - � MQTT Unificado: {temperatura: 13.17, ph: 7.944, oxigeno: 5.88, fecha: 1760415863346}
2025-10-14 01:24:23,347 - SimuladorCIMARQ - INFO - ✅ Ciclo completado en 0.01s | Éxito: 100.0% (1/1)
2025-10-14 01:24:23,348 - SimuladorCIMARQ - INFO - ⏰ Próximo ciclo: 01:29:23
2025-10-14 01:29:23,476 - SimuladorCIMARQ - INFO - 🔄 Iniciando ciclo de simulación - Sistema unificado
2025-10-14 01:29:23,478 - SimuladorCIMARQ - INFO - 📊 Datos Completos sin Nulos: T=13.13°C, pH=7.931, O2=5.87mg/L | MQTT=✅ | MongoDB=Via Backend
2025-10-14 01:29:23,479 - SimuladorCIMARQ - INFO - � MQTT Unificado: {temperatura: 13.13, ph: 7.931, oxigeno: 5.87, fecha: 1760416163479}
2025-10-14 01:29:23,479 - SimuladorCIMARQ - INFO - ✅ Ciclo completado en 0.00s | Éxito: 100.0% (1/1)
2025-10-14 01:29:23,480 - SimuladorCIMARQ - INFO - ⏰ Próximo ciclo: 01:34:23
2025-10-14 01:34:23,532 - SimuladorCIMARQ - INFO - 🔄 Iniciando ciclo de simulación - Sistema unificado
2025-10-14 01:34:23,534 - SimuladorCIMARQ - INFO - 📊 Datos Completos sin Nulos: T=13.11°C, pH=7.941, O2=5.87mg/L | MQTT=✅ | MongoDB=Via Backend
2025-10-14 01:34:23,535 - SimuladorCIMARQ - INFO - � MQTT Unificado: {temperatura: 13.11, ph: 7.941, oxigeno: 5.87, fecha: 1760416463535}
2025-10-14 01:34:23,536 - SimuladorCIMARQ - INFO - ✅ Ciclo completado en 0.00s | Éxito: 100.0% (1/1)
2025-10-14 01:34:23,536 - SimuladorCIMARQ - INFO - ⏰ Próximo ciclo: 01:39:23
2025-10-14 01:39:23,609 - SimuladorCIMARQ - INFO - 🔄 Iniciando ciclo de simulación - Sistema unificado
2025-10-14 01:39:23,611 - SimuladorCIMARQ - INFO - 📊 Datos Completos sin Nulos: T=13.13°C, pH=7.93, O2=5.88mg/L | MQTT=✅ | MongoDB=Via Backend
2025-10-14 01:39:23,612 - SimuladorCIMARQ - INFO - � MQTT Unificado: {temperatura: 13.13, ph: 7.93, oxigeno: 5.88, fecha: 1760416763612}
2025-10-14 01:39:23,612 - SimuladorCIMARQ - INFO - ✅ Ciclo completado en 0.00s | Éxito: 100.0% (1/1)
2025-10-14 01:39:23,613 - SimuladorCIMARQ - INFO - ⏰ Próximo ciclo: 01:44:23
2025-10-14 01:44:23,716 - SimuladorCIMARQ - INFO - 🔄 Iniciando ciclo de simulación - Sistema unificado
2025-10-14 01:44:23,719 - SimuladorCIMARQ - INFO - 📊 Datos Completos sin Nulos: T=13.07°C, pH=7.929, O2=5.89mg/L | MQTT=✅ | MongoDB=Via Backend
2025-10-14 01:44:23,720 - SimuladorCIMARQ - INFO - � MQTT Unificado: {temperatura: 13.07, ph: 7.929, oxigeno: 5.89, fecha: 1760417063720}
2025-10-14 01:44:23,720 - SimuladorCIMARQ - INFO - ✅ Ciclo completado en 0.00s | Éxito: 100.0% (1/1)
2025-10-14 01:44:23,721 - SimuladorCIMARQ - INFO - ⏰ Próximo ciclo: 01:49:23
2025-10-14 02:01:24,711 - SimuladorCIMARQ - INFO - ⚙️ Configuración cargada - Intervalo: 300.0s, Sensores especializados: 3
2025-10-14 02:01:24,713 - SimuladorCIMARQ - INFO - 🚀 Simulador CIMARQ inicializado
2025-10-14 02:01:24,713 - SimuladorCIMARQ - INFO - 🚀 Iniciando simulador continuo CIMARQ
2025-10-14 02:01:24,714 - SimuladorCIMARQ - INFO - 📍 Zona: Central Chile (Valparaíso/Quintay)
2025-10-14 02:01:24,714 - SimuladorCIMARQ - INFO - ⏱️ Intervalo: 300.0s (5.0 min)
2025-10-14 02:01:24,714 - SimuladorCIMARQ - INFO - 🔢 Sensores especializados: 3 (Temperatura, pH, Oxígeno)
2025-10-14 02:01:26,068 - SimuladorCIMARQ - INFO - ✅ MongoDB conectado: cimarqdb
2025-10-14 02:01:26,314 - SimuladorCIMARQ - INFO - 📡 MQTT conectado: test.mosquitto.org:1883
2025-10-14 02:01:26,315 - SimuladorCIMARQ - INFO - ✅ Simulador iniciado correctamente - Modo 24/7 activo
2025-10-14 02:01:26,315 - SimuladorCIMARQ - INFO - 🔄 Iniciando ciclo de simulación - Sistema unificado
2025-10-14 02:01:26,316 - SimuladorCIMARQ - WARNING - ⚠️ MQTT no conectado, no se puede enviar datos unificados
2025-10-14 02:01:26,316 - SimuladorCIMARQ - INFO - 📊 Datos Completos sin Nulos: T=12.89°C, pH=7.921, O2=5.92mg/L | MQTT=❌ | MongoDB=Via Backend
2025-10-14 02:01:26,317 - SimuladorCIMARQ - INFO - � MQTT Unificado: {temperatura: 12.89, ph: 7.921, oxigeno: 5.92, fecha: 1760418086317}
2025-10-14 02:01:26,318 - SimuladorCIMARQ - INFO - ✅ Ciclo completado en 0.00s | Éxito: 0.0% (0/1)
2025-10-14 02:01:26,318 - SimuladorCIMARQ - INFO - ⏰ Próximo ciclo: 02:06:26
2025-10-14 02:01:26,525 - SimuladorCIMARQ - INFO - ✅ MQTT broker conectado exitosamente
2025-10-14 02:06:27,078 - SimuladorCIMARQ - INFO - 🔄 Iniciando ciclo de simulación - Sistema unificado
2025-10-14 02:06:27,102 - SimuladorCIMARQ - INFO - 📊 Datos Completos sin Nulos: T=12.99°C, pH=7.931, O2=5.92mg/L | MQTT=✅ | MongoDB=Via Backend
2025-10-14 02:06:27,103 - SimuladorCIMARQ - INFO - � MQTT Unificado: {temperatura: 12.99, ph: 7.931, oxigeno: 5.92, fecha: 1760418387103}
2025-10-14 02:06:27,106 - SimuladorCIMARQ - INFO - ✅ Ciclo completado en 0.03s | Éxito: 100.0% (1/1)
2025-10-14 02:06:27,106 - SimuladorCIMARQ - INFO - ⏰ Próximo ciclo: 02:11:27
2025-10-14 02:11:27,369 - SimuladorCIMARQ - INFO - 🔄 Iniciando ciclo de simulación - Sistema unificado
2025-10-14 02:11:27,371 - SimuladorCIMARQ - INFO - 📊 Datos Completos sin Nulos: T=12.96°C, pH=7.932, O2=5.9mg/L | MQTT=✅ | MongoDB=Via Backend
2025-10-14 02:11:27,372 - SimuladorCIMARQ - INFO - � MQTT Unificado: {temperatura: 12.96, ph: 7.932, oxigeno: 5.9, fecha: 1760418687372}
2025-10-14 02:11:27,373 - SimuladorCIMARQ - INFO - ✅ Ciclo completado en 0.00s | Éxito: 100.0% (1/1)
2025-10-14 02:11:27,373 - SimuladorCIMARQ - INFO - ⏰ Próximo ciclo: 02:16:27
2025-10-14 02:11:55,592 - SimuladorCIMARQ - INFO - 🛑 Señal de parada recibida, cerrando simulador...
2025-10-14 02:11:55,733 - SimuladorCIMARQ - INFO - 🧹 Cerrando conexiones...
2025-10-14 02:11:56,366 - SimuladorCIMARQ - WARNING - ⚠️ MQTT desconectado, código: 0
2025-10-14 02:11:56,367 - SimuladorCIMARQ - INFO - 📡 MQTT desconectado
2025-10-14 02:11:56,464 - SimuladorCIMARQ - INFO - 💾 MongoDB desconectado
2025-10-14 02:11:56,465 - SimuladorCIMARQ - INFO - ✅ Simulador cerrado correctamente
2025-10-28 13:05:40,721 - SimuladorCIMARQ - INFO - ⚙️ Configuración cargada - Intervalo: 300.0s, Sensores especializados: 3
2025-10-28 13:05:40,722 - SimuladorCIMARQ - INFO - 🚀 Simulador CIMARQ inicializado
2025-10-28 13:05:40,722 - SimuladorCIMARQ - INFO - 🚀 Iniciando simulador continuo CIMARQ
2025-10-28 13:05:40,723 - SimuladorCIMARQ - INFO - 📍 Zona: Central Chile (Valparaíso/Quintay)
2025-10-28 13:05:40,723 - SimuladorCIMARQ - INFO - ⏱️ Intervalo: 300.0s (5.0 min)
2025-10-28 13:05:40,724 - SimuladorCIMARQ - INFO - 🔢 Sensores especializados: 3 (Temperatura, pH, Oxígeno)
2025-10-28 13:05:41,470 - SimuladorCIMARQ - INFO - ✅ MongoDB conectado: cimarqdb
2025-10-28 13:05:41,713 - SimuladorCIMARQ - INFO - 📡 MQTT conectado: test.mosquitto.org:1883
2025-10-28 13:05:41,714 - SimuladorCIMARQ - INFO - ✅ Simulador iniciado correctamente - Modo 24/7 activo
2025-10-28 13:05:41,714 - SimuladorCIMARQ - INFO - 🔄 Iniciando ciclo de simulación - Sistema unificado
2025-10-28 13:05:41,715 - SimuladorCIMARQ - WARNING - ⚠️ MQTT no conectado, no se puede enviar datos unificados
2025-10-28 13:05:41,716 - SimuladorCIMARQ - INFO - 📊 Datos Completos sin Nulos: T=14.72°C, pH=8.035, O2=8.03mg/L | MQTT=❌ | MongoDB=Via Backend
2025-10-28 13:05:41,716 - SimuladorCIMARQ - INFO - � MQTT Unificado: {temperatura: 14.72, ph: 8.035, oxigeno: 8.03, fecha: 1761667541716}
2025-10-28 13:05:41,716 - SimuladorCIMARQ - INFO - ✅ Ciclo completado en 0.00s | Éxito: 0.0% (0/1)
2025-10-28 13:05:41,717 - SimuladorCIMARQ - INFO - ⏰ Próximo ciclo: 13:10:41
2025-10-28 13:05:41,991 - SimuladorCIMARQ - INFO - ✅ MQTT broker conectado exitosamente
2025-10-28 13:10:42,375 - SimuladorCIMARQ - INFO - 🔄 Iniciando ciclo de simulación - Sistema unificado
2025-10-28 13:10:42,383 - SimuladorCIMARQ - INFO - 📊 Datos Completos sin Nulos: T=14.62°C, pH=8.026, O2=8.05mg/L | MQTT=✅ | MongoDB=Via Backend
2025-10-28 13:10:42,384 - SimuladorCIMARQ - INFO - � MQTT Unificado: {temperatura: 14.62, ph: 8.026, oxigeno: 8.05, fecha: 1761667842384}
2025-10-28 13:10:42,386 - SimuladorCIMARQ - INFO - ✅ Ciclo completado en 0.01s | Éxito: 100.0% (1/1)
2025-10-28 13:10:42,387 - SimuladorCIMARQ - INFO - ⏰ Próximo ciclo: 13:15:42
2025-10-28 13:15:42,379 - SimuladorCIMARQ - INFO - 🔄 Iniciando ciclo de simulación - Sistema unificado
2025-10-28 13:15:42,382 - SimuladorCIMARQ - INFO - 📊 Datos Completos sin Nulos: T=14.67°C, pH=8.03, O2=8.03mg/L | MQTT=✅ | MongoDB=Via Backend
2025-10-28 13:15:42,383 - SimuladorCIMARQ - INFO - � MQTT Unificado: {temperatura: 14.67, ph: 8.03, oxigeno: 8.03, fecha: 1761668142383}
2025-10-28 13:15:42,383 - SimuladorCIMARQ - INFO - ✅ Ciclo completado en 0.00s | Éxito: 100.0% (1/1)
2025-10-28 13:15:42,384 - SimuladorCIMARQ - INFO - ⏰ Próximo ciclo: 13:20:42
2025-10-28 13:20:42,611 - SimuladorCIMARQ - INFO - 🔄 Iniciando ciclo de simulación - Sistema unificado
2025-10-28 13:20:42,614 - SimuladorCIMARQ - INFO - 📊 Datos Completos sin Nulos: T=14.56°C, pH=8.021, O2=8.05mg/L | MQTT=✅ | MongoDB=Via Backend
2025-10-28 13:20:42,614 - SimuladorCIMARQ - INFO - � MQTT Unificado: {temperatura: 14.56, ph: 8.021, oxigeno: 8.05, fecha: 1761668442614}
2025-10-28 13:20:42,615 - SimuladorCIMARQ - INFO - ✅ Ciclo completado en 0.00s | Éxito: 100.0% (1/1)
2025-10-28 13:20:42,616 - SimuladorCIMARQ - INFO - ⏰ Próximo ciclo: 13:25:42
2025-10-28 13:25:42,924 - SimuladorCIMARQ - INFO - 🔄 Iniciando ciclo de simulación - Sistema unificado
2025-10-28 13:25:42,930 - SimuladorCIMARQ - INFO - 📊 Datos Completos sin Nulos: T=14.67°C, pH=8.02, O2=8.01mg/L | MQTT=✅ | MongoDB=Via Backend
2025-10-28 13:25:42,931 - SimuladorCIMARQ - INFO - � MQTT Unificado: {temperatura: 14.67, ph: 8.02, oxigeno: 8.01, fecha: 1761668742930}
2025-10-28 13:25:42,931 - SimuladorCIMARQ - INFO - ✅ Ciclo completado en 0.01s | Éxito: 100.0% (1/1)
2025-10-28 13:25:42,932 - SimuladorCIMARQ - INFO - ⏰ Próximo ciclo: 13:30:42
2025-10-28 13:30:43,344 - SimuladorCIMARQ - INFO - 🔄 Iniciando ciclo de simulación - Sistema unificado
2025-10-28 13:30:43,347 - SimuladorCIMARQ - INFO - 📊 Datos Completos sin Nulos: T=14.69°C, pH=8.02, O2=8.03mg/L | MQTT=✅ | MongoDB=Via Backend
2025-10-28 13:30:43,347 - SimuladorCIMARQ - INFO - � MQTT Unificado: {temperatura: 14.69, ph: 8.02, oxigeno: 8.03, fecha: 1761669043347}
2025-10-28 13:30:43,348 - SimuladorCIMARQ - INFO - ✅ Ciclo completado en 0.00s | Éxito: 100.0% (1/1)
2025-10-28 13:30:43,348 - SimuladorCIMARQ - INFO - ⏰ Próximo ciclo: 13:35:43
2025-10-28 13:35:43,863 - SimuladorCIMARQ - INFO - 🔄 Iniciando ciclo de simulación - Sistema unificado
2025-10-28 13:35:43,866 - SimuladorCIMARQ - INFO - 📊 Datos Completos sin Nulos: T=14.69°C, pH=8.019, O2=8.02mg/L | MQTT=✅ | MongoDB=Via Backend
2025-10-28 13:35:43,867 - SimuladorCIMARQ - INFO - � MQTT Unificado: {temperatura: 14.69, ph: 8.019, oxigeno: 8.02, fecha: 1761669343867}
2025-10-28 13:35:43,867 - SimuladorCIMARQ - INFO - ✅ Ciclo completado en 0.00s | Éxito: 100.0% (1/1)
2025-10-28 13:35:43,868 - SimuladorCIMARQ - INFO - ⏰ Próximo ciclo: 13:40:43
2025-10-28 13:40:44,627 - SimuladorCIMARQ - INFO - 🔄 Iniciando ciclo de simulación - Sistema unificado
2025-10-28 13:40:44,648 - SimuladorCIMARQ - INFO - 📊 Datos Completos sin Nulos: T=14.65°C, pH=8.006, O2=8.02mg/L | MQTT=✅ | MongoDB=Via Backend
2025-10-28 13:40:44,650 - SimuladorCIMARQ - INFO - � MQTT Unificado: {temperatura: 14.65, ph: 8.006, oxigeno: 8.02, fecha: 1761669644650}
2025-10-28 13:40:44,650 - SimuladorCIMARQ - INFO - ✅ Ciclo completado en 0.02s | Éxito: 100.0% (1/1)
2025-10-28 13:40:44,651 - SimuladorCIMARQ - INFO - ⏰ Próximo ciclo: 13:45:44
2025-10-28 13:45:45,462 - SimuladorCIMARQ - INFO - 🔄 Iniciando ciclo de simulación - Sistema unificado
2025-10-28 13:45:45,465 - SimuladorCIMARQ - INFO - 📊 Datos Completos sin Nulos: T=14.73°C, pH=8.012, O2=8.02mg/L | MQTT=✅ | MongoDB=Via Backend
2025-10-28 13:45:45,466 - SimuladorCIMARQ - INFO - � MQTT Unificado: {temperatura: 14.73, ph: 8.012, oxigeno: 8.02, fecha: 1761669945466}
2025-10-28 13:45:45,467 - SimuladorCIMARQ - INFO - ✅ Ciclo completado en 0.01s | Éxito: 100.0% (1/1)
2025-10-28 13:45:45,467 - SimuladorCIMARQ - INFO - ⏰ Próximo ciclo: 13:50:45
2025-10-28 13:48:53,363 - SimuladorCIMARQ - INFO - 🛑 Señal de parada recibida, cerrando simulador...
2025-10-28 13:48:53,404 - SimuladorCIMARQ - INFO - 🧹 Cerrando conexiones...
2025-10-28 13:48:53,489 - SimuladorCIMARQ - WARNING - ⚠️ MQTT desconectado, código: 0
2025-10-28 13:48:53,490 - SimuladorCIMARQ - INFO - 📡 MQTT desconectado
2025-10-28 13:48:53,553 - SimuladorCIMARQ - INFO - 💾 MongoDB desconectado
2025-10-28 13:48:53,555 - SimuladorCIMARQ - INFO - ✅ Simulador cerrado correctamente
2025-11-03 19:04:02,853 - SimuladorCIMARQ - INFO - ⚙️ Configuración cargada - Intervalo: 300.0s, Sensores especializados: 3
2025-11-03 19:04:02,854 - SimuladorCIMARQ - INFO - 🚀 Simulador CIMARQ inicializado
2025-11-03 19:04:02,855 - SimuladorCIMARQ - INFO - 🚀 Iniciando simulador continuo CIMARQ
2025-11-03 19:04:02,855 - SimuladorCIMARQ - INFO - 📍 Zona: Central Chile (Valparaíso/Quintay)
2025-11-03 19:04:02,856 - SimuladorCIMARQ - INFO - ⏱️ Intervalo: 300.0s (5.0 min)
2025-11-03 19:04:02,856 - SimuladorCIMARQ - INFO - 🔢 Sensores especializados: 3 (Temperatura, pH, Oxígeno)
2025-11-03 19:04:04,042 - SimuladorCIMARQ - INFO - ✅ MongoDB conectado: cimarqdb
2025-11-03 19:04:05,509 - SimuladorCIMARQ - INFO - 📡 MQTT conectado: test.mosquitto.org:1883
2025-11-03 19:04:05,519 - SimuladorCIMARQ - INFO - ✅ Simulador iniciado correctamente - Modo 24/7 activo
2025-11-03 19:04:05,519 - SimuladorCIMARQ - INFO - 🔄 Iniciando ciclo de simulación - Sistema unificado
2025-11-03 19:04:05,523 - SimuladorCIMARQ - WARNING - ⚠️ MQTT no conectado, no se puede enviar datos unificados
2025-11-03 19:04:05,525 - SimuladorCIMARQ - INFO - 📊 Datos Completos sin Nulos: T=12.46°C, pH=8.155, O2=7.83mg/L | MQTT=❌ | MongoDB=Via Backend
2025-11-03 19:04:05,527 - SimuladorCIMARQ - INFO - � MQTT Unificado: {temperatura: 12.46, ph: 8.155, oxigeno: 7.83, fecha: 1762207445527}
2025-11-03 19:04:05,527 - SimuladorCIMARQ - INFO - ✅ Ciclo completado en 0.01s | Éxito: 0.0% (0/1)
2025-11-03 19:04:05,528 - SimuladorCIMARQ - INFO - ⏰ Próximo ciclo: 19:09:05
2025-11-03 19:04:05,737 - SimuladorCIMARQ - INFO - ✅ MQTT broker conectado exitosamente
2025-11-03 19:09:05,738 - SimuladorCIMARQ - INFO - 🔄 Iniciando ciclo de simulación - Sistema unificado
2025-11-03 19:09:05,741 - SimuladorCIMARQ - INFO - 📊 Datos Completos sin Nulos: T=12.39°C, pH=8.153, O2=7.85mg/L | MQTT=✅ | MongoDB=Via Backend
2025-11-03 19:09:05,742 - SimuladorCIMARQ - INFO - � MQTT Unificado: {temperatura: 12.39, ph: 8.153, oxigeno: 7.85, fecha: 1762207745742}
2025-11-03 19:09:05,743 - SimuladorCIMARQ - INFO - ✅ Ciclo completado en 0.00s | Éxito: 100.0% (1/1)
2025-11-03 19:09:05,743 - SimuladorCIMARQ - INFO - ⏰ Próximo ciclo: 19:14:05
2025-11-03 19:14:05,770 - SimuladorCIMARQ - INFO - 🔄 Iniciando ciclo de simulación - Sistema unificado
2025-11-03 19:14:05,773 - SimuladorCIMARQ - INFO - 📊 Datos Completos sin Nulos: T=12.57°C, pH=8.156, O2=7.82mg/L | MQTT=✅ | MongoDB=Via Backend
2025-11-03 19:14:05,774 - SimuladorCIMARQ - INFO - � MQTT Unificado: {temperatura: 12.57, ph: 8.156, oxigeno: 7.82, fecha: 1762208045774}
2025-11-03 19:14:05,775 - SimuladorCIMARQ - INFO - ✅ Ciclo completado en 0.00s | Éxito: 100.0% (1/1)
2025-11-03 19:14:05,775 - SimuladorCIMARQ - INFO - ⏰ Próximo ciclo: 19:19:05
2025-11-03 19:19:05,932 - SimuladorCIMARQ - INFO - 🔄 Iniciando ciclo de simulación - Sistema unificado
2025-11-03 19:19:05,934 - SimuladorCIMARQ - INFO - 📊 Datos Completos sin Nulos: T=12.58°C, pH=8.15, O2=7.84mg/L | MQTT=✅ | MongoDB=Via Backend
2025-11-03 19:19:05,936 - SimuladorCIMARQ - INFO - � MQTT Unificado: {temperatura: 12.58, ph: 8.15, oxigeno: 7.84, fecha: 1762208345936}
2025-11-03 19:19:05,936 - SimuladorCIMARQ - INFO - ✅ Ciclo completado en 0.00s | Éxito: 100.0% (1/1)
2025-11-03 19:19:05,937 - SimuladorCIMARQ - INFO - ⏰ Próximo ciclo: 19:24:05
2025-11-03 19:24:06,350 - SimuladorCIMARQ - INFO - 🔄 Iniciando ciclo de simulación - Sistema unificado
2025-11-03 19:24:06,352 - SimuladorCIMARQ - INFO - 📊 Datos Completos sin Nulos: T=12.55°C, pH=8.157, O2=7.87mg/L | MQTT=✅ | MongoDB=Via Backend
2025-11-03 19:24:06,352 - SimuladorCIMARQ - INFO - � MQTT Unificado: {temperatura: 12.55, ph: 8.157, oxigeno: 7.87, fecha: 1762208646352}
2025-11-03 19:24:06,353 - SimuladorCIMARQ - INFO - ✅ Ciclo completado en 0.00s | Éxito: 100.0% (1/1)
2025-11-03 19:24:06,353 - SimuladorCIMARQ - INFO - ⏰ Próximo ciclo: 19:29:06
2025-11-03 19:29:06,485 - SimuladorCIMARQ - INFO - 🔄 Iniciando ciclo de simulación - Sistema unificado
2025-11-03 19:29:06,486 - SimuladorCIMARQ - INFO - 📊 Datos Completos sin Nulos: T=12.41°C, pH=8.159, O2=7.87mg/L | MQTT=✅ | MongoDB=Via Backend
2025-11-03 19:29:06,487 - SimuladorCIMARQ - INFO - � MQTT Unificado: {temperatura: 12.41, ph: 8.159, oxigeno: 7.87, fecha: 1762208946487}
2025-11-03 19:29:06,488 - SimuladorCIMARQ - INFO - ✅ Ciclo completado en 0.00s | Éxito: 100.0% (1/1)
2025-11-03 19:29:06,488 - SimuladorCIMARQ - INFO - ⏰ Próximo ciclo: 19:34:06
2025-11-03 19:34:07,187 - SimuladorCIMARQ - INFO - 🔄 Iniciando ciclo de simulación - Sistema unificado
2025-11-03 19:34:07,189 - SimuladorCIMARQ - INFO - 📊 Datos Completos sin Nulos: T=12.39°C, pH=8.167, O2=7.85mg/L | MQTT=✅ | MongoDB=Via Backend
2025-11-03 19:34:07,190 - SimuladorCIMARQ - INFO - � MQTT Unificado: {temperatura: 12.39, ph: 8.167, oxigeno: 7.85, fecha: 1762209247190}
2025-11-03 19:34:07,190 - SimuladorCIMARQ - INFO - ✅ Ciclo completado en 0.00s | Éxito: 100.0% (1/1)
2025-11-03 19:34:07,191 - SimuladorCIMARQ - INFO - ⏰ Próximo ciclo: 19:39:07
2025-11-03 19:39:07,862 - SimuladorCIMARQ - INFO - 🔄 Iniciando ciclo de simulación - Sistema unificado
2025-11-03 19:39:07,863 - SimuladorCIMARQ - INFO - 📊 Datos Completos sin Nulos: T=12.48°C, pH=8.165, O2=7.83mg/L | MQTT=✅ | MongoDB=Via Backend
2025-11-03 19:39:07,864 - SimuladorCIMARQ - INFO - � MQTT Unificado: {temperatura: 12.48, ph: 8.165, oxigeno: 7.83, fecha: 1762209547864}
2025-11-03 19:39:07,864 - SimuladorCIMARQ - INFO - ✅ Ciclo completado en 0.00s | Éxito: 100.0% (1/1)
2025-11-03 19:39:07,865 - SimuladorCIMARQ - INFO - ⏰ Próximo ciclo: 19:44:07
2025-11-03 19:44:07,980 - SimuladorCIMARQ - INFO - 🔄 Iniciando ciclo de simulación - Sistema unificado
2025-11-03 19:44:07,981 - SimuladorCIMARQ - INFO - 📊 Datos Completos sin Nulos: T=12.52°C, pH=8.163, O2=7.84mg/L | MQTT=✅ | MongoDB=Via Backend
2025-11-03 19:44:07,982 - SimuladorCIMARQ - INFO - � MQTT Unificado: {temperatura: 12.52, ph: 8.163, oxigeno: 7.84, fecha: 1762209847982}
2025-11-03 19:44:07,983 - SimuladorCIMARQ - INFO - ✅ Ciclo completado en 0.00s | Éxito: 100.0% (1/1)
2025-11-03 19:44:07,983 - SimuladorCIMARQ - INFO - ⏰ Próximo ciclo: 19:49:07
2025-11-03 19:49:08,525 - SimuladorCIMARQ - INFO - 🔄 Iniciando ciclo de simulación - Sistema unificado
2025-11-03 19:49:08,526 - SimuladorCIMARQ - INFO - 📊 Datos Completos sin Nulos: T=12.41°C, pH=8.156, O2=7.82mg/L | MQTT=✅ | MongoDB=Via Backend
2025-11-03 19:49:08,527 - SimuladorCIMARQ - INFO - � MQTT Unificado: {temperatura: 12.41, ph: 8.156, oxigeno: 7.82, fecha: 1762210148527}
2025-11-03 19:49:08,528 - SimuladorCIMARQ - INFO - ✅ Ciclo completado en 0.00s | Éxito: 100.0% (1/1)
2025-11-03 19:49:08,528 - SimuladorCIMARQ - INFO - ⏰ Próximo ciclo: 19:54:08
2025-11-03 19:54:09,465 - SimuladorCIMARQ - INFO - 🔄 Iniciando ciclo de simulación - Sistema unificado
2025-11-03 19:54:09,467 - SimuladorCIMARQ - INFO - 📊 Datos Completos sin Nulos: T=12.43°C, pH=8.162, O2=7.79mg/L | MQTT=✅ | MongoDB=Via Backend
2025-11-03 19:54:09,468 - SimuladorCIMARQ - INFO - � MQTT Unificado: {temperatura: 12.43, ph: 8.162, oxigeno: 7.79, fecha: 1762210449468}
2025-11-03 19:54:09,469 - SimuladorCIMARQ - INFO - ✅ Ciclo completado en 0.00s | Éxito: 100.0% (1/1)
2025-11-03 19:54:09,470 - SimuladorCIMARQ - INFO - ⏰ Próximo ciclo: 19:59:09
2025-11-03 19:59:09,678 - SimuladorCIMARQ - INFO - 🔄 Iniciando ciclo de simulación - Sistema unificado
2025-11-03 19:59:09,679 - SimuladorCIMARQ - INFO - 📊 Datos Completos sin Nulos: T=12.49°C, pH=8.166, O2=7.78mg/L | MQTT=✅ | MongoDB=Via Backend
2025-11-03 19:59:09,680 - SimuladorCIMARQ - INFO - � MQTT Unificado: {temperatura: 12.49, ph: 8.166, oxigeno: 7.78, fecha: 1762210749680}
2025-11-03 19:59:09,680 - SimuladorCIMARQ - INFO - ✅ Ciclo completado en 0.00s | Éxito: 100.0% (1/1)
2025-11-03 19:59:09,681 - SimuladorCIMARQ - INFO - ⏰ Próximo ciclo: 20:04:09
2025-11-03 20:04:10,282 - SimuladorCIMARQ - INFO - 🔄 Iniciando ciclo de simulación - Sistema unificado
2025-11-03 20:04:10,284 - SimuladorCIMARQ - INFO - 📊 Datos Completos sin Nulos: T=12.2°C, pH=8.158, O2=7.47mg/L | MQTT=✅ | MongoDB=Via Backend
2025-11-03 20:04:10,285 - SimuladorCIMARQ - INFO - � MQTT Unificado: {temperatura: 12.2, ph: 8.158, oxigeno: 7.47, fecha: 1762211050285}
2025-11-03 20:04:10,285 - SimuladorCIMARQ - INFO - ✅ Ciclo completado en 0.00s | Éxito: 100.0% (1/1)
2025-11-03 20:04:10,286 - SimuladorCIMARQ - INFO - ⏰ Próximo ciclo: 20:09:10
2025-11-03 20:09:11,193 - SimuladorCIMARQ - INFO - 🔄 Iniciando ciclo de simulación - Sistema unificado
2025-11-03 20:09:11,194 - SimuladorCIMARQ - INFO - 📊 Datos Completos sin Nulos: T=12.16°C, pH=8.157, O2=7.44mg/L | MQTT=✅ | MongoDB=Via Backend
2025-11-03 20:09:11,206 - SimuladorCIMARQ - INFO - � MQTT Unificado: {temperatura: 12.16, ph: 8.157, oxigeno: 7.44, fecha: 1762211351206}
2025-11-03 20:09:11,219 - SimuladorCIMARQ - INFO - ✅ Ciclo completado en 0.03s | Éxito: 100.0% (1/1)
2025-11-03 20:09:11,228 - SimuladorCIMARQ - INFO - ⏰ Próximo ciclo: 20:14:11
2025-11-03 20:14:11,601 - SimuladorCIMARQ - INFO - 🔄 Iniciando ciclo de simulación - Sistema unificado
2025-11-03 20:14:11,602 - SimuladorCIMARQ - INFO - 📊 Datos Completos sin Nulos: T=12.13°C, pH=8.161, O2=7.49mg/L | MQTT=✅ | MongoDB=Via Backend
2025-11-03 20:14:11,603 - SimuladorCIMARQ - INFO - � MQTT Unificado: {temperatura: 12.13, ph: 8.161, oxigeno: 7.49, fecha: 1762211651602}
2025-11-03 20:14:11,603 - SimuladorCIMARQ - INFO - ✅ Ciclo completado en 0.00s | Éxito: 100.0% (1/1)
2025-11-03 20:14:11,604 - SimuladorCIMARQ - INFO - ⏰ Próximo ciclo: 20:19:11
2025-11-03 20:19:12,609 - SimuladorCIMARQ - INFO - 🔄 Iniciando ciclo de simulación - Sistema unificado
2025-11-03 20:19:12,610 - SimuladorCIMARQ - INFO - 📊 Datos Completos sin Nulos: T=12.14°C, pH=8.161, O2=7.51mg/L | MQTT=✅ | MongoDB=Via Backend
2025-11-03 20:19:12,611 - SimuladorCIMARQ - INFO - � MQTT Unificado: {temperatura: 12.14, ph: 8.161, oxigeno: 7.51, fecha: 1762211952611}
2025-11-03 20:19:12,611 - SimuladorCIMARQ - INFO - ✅ Ciclo completado en 0.00s | Éxito: 100.0% (1/1)
2025-11-03 20:19:12,612 - SimuladorCIMARQ - INFO - ⏰ Próximo ciclo: 20:24:12
2025-11-03 20:24:12,817 - SimuladorCIMARQ - INFO - 🔄 Iniciando ciclo de simulación - Sistema unificado
2025-11-03 20:24:12,818 - SimuladorCIMARQ - INFO - 📊 Datos Completos sin Nulos: T=12.08°C, pH=8.157, O2=7.48mg/L | MQTT=✅ | MongoDB=Via Backend
2025-11-03 20:24:12,818 - SimuladorCIMARQ - INFO - � MQTT Unificado: {temperatura: 12.08, ph: 8.157, oxigeno: 7.48, fecha: 1762212252818}
2025-11-03 20:24:12,819 - SimuladorCIMARQ - INFO - ✅ Ciclo completado en 0.00s | Éxito: 100.0% (1/1)
2025-11-03 20:24:12,819 - SimuladorCIMARQ - INFO - ⏰ Próximo ciclo: 20:29:12
2025-11-03 20:29:13,178 - SimuladorCIMARQ - INFO - 🔄 Iniciando ciclo de simulación - Sistema unificado
2025-11-03 20:29:13,179 - SimuladorCIMARQ - INFO - 📊 Datos Completos sin Nulos: T=12.18°C, pH=8.159, O2=7.51mg/L | MQTT=✅ | MongoDB=Via Backend
2025-11-03 20:29:13,181 - SimuladorCIMARQ - INFO - � MQTT Unificado: {temperatura: 12.18, ph: 8.159, oxigeno: 7.51, fecha: 1762212553181}
2025-11-03 20:29:13,181 - SimuladorCIMARQ - INFO - ✅ Ciclo completado en 0.00s | Éxito: 100.0% (1/1)
2025-11-03 20:29:13,182 - SimuladorCIMARQ - INFO - ⏰ Próximo ciclo: 20:34:13
2025-11-03 20:34:13,344 - SimuladorCIMARQ - INFO - 🔄 Iniciando ciclo de simulación - Sistema unificado
2025-11-03 20:34:13,345 - SimuladorCIMARQ - INFO - 📊 Datos Completos sin Nulos: T=12.16°C, pH=8.162, O2=7.48mg/L | MQTT=✅ | MongoDB=Via Backend
2025-11-03 20:34:13,346 - SimuladorCIMARQ - INFO - � MQTT Unificado: {temperatura: 12.16, ph: 8.162, oxigeno: 7.48, fecha: 1762212853345}
2025-11-03 20:34:13,346 - SimuladorCIMARQ - INFO - ✅ Ciclo completado en 0.00s | Éxito: 100.0% (1/1)
2025-11-03 20:34:13,346 - SimuladorCIMARQ - INFO - ⏰ Próximo ciclo: 20:39:13
2025-11-03 20:39:13,924 - SimuladorCIMARQ - INFO - 🔄 Iniciando ciclo de simulación - Sistema unificado
2025-11-03 20:39:13,933 - SimuladorCIMARQ - INFO - 📊 Datos Completos sin Nulos: T=12.05°C, pH=8.162, O2=7.52mg/L | MQTT=✅ | MongoDB=Via Backend
2025-11-03 20:39:13,939 - SimuladorCIMARQ - INFO - � MQTT Unificado: {temperatura: 12.05, ph: 8.162, oxigeno: 7.52, fecha: 1762213153939}
2025-11-03 20:39:13,940 - SimuladorCIMARQ - INFO - ✅ Ciclo completado en 0.02s | Éxito: 100.0% (1/1)
2025-11-03 20:39:13,943 - SimuladorCIMARQ - INFO - ⏰ Próximo ciclo: 20:44:13
2025-11-03 20:44:14,176 - SimuladorCIMARQ - INFO - 🔄 Iniciando ciclo de simulación - Sistema unificado
2025-11-03 20:44:14,178 - SimuladorCIMARQ - INFO - 📊 Datos Completos sin Nulos: T=12.08°C, pH=8.164, O2=7.5mg/L | MQTT=✅ | MongoDB=Via Backend
2025-11-03 20:44:14,178 - SimuladorCIMARQ - INFO - � MQTT Unificado: {temperatura: 12.08, ph: 8.164, oxigeno: 7.5, fecha: 1762213454178}
2025-11-03 20:44:14,179 - SimuladorCIMARQ - INFO - ✅ Ciclo completado en 0.00s | Éxito: 100.0% (1/1)
2025-11-03 20:44:14,179 - SimuladorCIMARQ - INFO - ⏰ Próximo ciclo: 20:49:14
2025-11-03 20:49:15,142 - SimuladorCIMARQ - INFO - 🔄 Iniciando ciclo de simulación - Sistema unificado
2025-11-03 20:49:15,143 - SimuladorCIMARQ - INFO - 📊 Datos Completos sin Nulos: T=12.06°C, pH=8.156, O2=7.48mg/L | MQTT=✅ | MongoDB=Via Backend
2025-11-03 20:49:15,143 - SimuladorCIMARQ - INFO - � MQTT Unificado: {temperatura: 12.06, ph: 8.156, oxigeno: 7.48, fecha: 1762213755143}
2025-11-03 20:49:15,144 - SimuladorCIMARQ - INFO - ✅ Ciclo completado en 0.00s | Éxito: 100.0% (1/1)
2025-11-03 20:49:15,145 - SimuladorCIMARQ - INFO - ⏰ Próximo ciclo: 20:54:15
2025-11-03 20:54:15,300 - SimuladorCIMARQ - INFO - 🔄 Iniciando ciclo de simulación - Sistema unificado
2025-11-03 20:54:15,302 - SimuladorCIMARQ - INFO - 📊 Datos Completos sin Nulos: T=12.05°C, pH=8.156, O2=7.49mg/L | MQTT=✅ | MongoDB=Via Backend
2025-11-03 20:54:15,303 - SimuladorCIMARQ - INFO - � MQTT Unificado: {temperatura: 12.05, ph: 8.156, oxigeno: 7.49, fecha: 1762214055302}
2025-11-03 20:54:15,304 - SimuladorCIMARQ - INFO - ✅ Ciclo completado en 0.00s | Éxito: 100.0% (1/1)
2025-11-03 20:54:15,317 - SimuladorCIMARQ - INFO - ⏰ Próximo ciclo: 20:59:15
2025-11-03 22:15:43,699 - SimuladorCIMARQ - WARNING - ⚠️ MQTT desconectado, código: 7
2025-11-03 22:15:43,779 - SimuladorCIMARQ - INFO - 🔄 Iniciando ciclo de simulación - Sistema unificado
2025-11-03 22:15:43,794 - SimuladorCIMARQ - WARNING - ⚠️ MQTT no conectado, no se puede enviar datos unificados
2025-11-03 22:15:43,794 - SimuladorCIMARQ - INFO - 📊 Datos Completos sin Nulos: T=12.0°C, pH=8.095, O2=6.74mg/L | MQTT=❌ | MongoDB=Via Backend
2025-11-03 22:15:43,795 - SimuladorCIMARQ - INFO - � MQTT Unificado: {temperatura: 12.0, ph: 8.095, oxigeno: 6.74, fecha: 1762218943795}
2025-11-03 22:15:43,800 - SimuladorCIMARQ - INFO - ✅ Ciclo completado en 0.02s | Éxito: 0.0% (0/1)
2025-11-03 22:15:43,800 - SimuladorCIMARQ - INFO - ⏰ Próximo ciclo: 22:20:43
2025-11-03 22:22:28,763 - SimuladorCIMARQ - INFO - 🔄 Iniciando ciclo de simulación - Sistema unificado
2025-11-03 22:22:28,942 - SimuladorCIMARQ - WARNING - ⚠️ MQTT no conectado, no se puede enviar datos unificados
2025-11-03 22:22:28,970 - SimuladorCIMARQ - INFO - 📊 Datos Completos sin Nulos: T=12.0°C, pH=8.094, O2=6.78mg/L | MQTT=❌ | MongoDB=Via Backend
2025-11-03 22:22:29,042 - SimuladorCIMARQ - INFO - � MQTT Unificado: {temperatura: 12.0, ph: 8.094, oxigeno: 6.78, fecha: 1762219349042}
2025-11-03 22:22:29,069 - SimuladorCIMARQ - INFO - ✅ Ciclo completado en 0.31s | Éxito: 0.0% (0/1)
2025-11-03 22:22:29,090 - SimuladorCIMARQ - INFO - ⏰ Próximo ciclo: 22:27:28
2025-11-03 22:22:30,125 - SimuladorCIMARQ - INFO - ✅ MQTT broker conectado exitosamente
2025-11-03 22:27:29,173 - SimuladorCIMARQ - INFO - 🔄 Iniciando ciclo de simulación - Sistema unificado
2025-11-03 22:27:29,180 - SimuladorCIMARQ - INFO - 📊 Datos Completos sin Nulos: T=12.0°C, pH=8.088, O2=6.75mg/L | MQTT=✅ | MongoDB=Via Backend
2025-11-03 22:27:29,181 - SimuladorCIMARQ - INFO - � MQTT Unificado: {temperatura: 12.0, ph: 8.088, oxigeno: 6.75, fecha: 1762219649181}
2025-11-03 22:27:29,182 - SimuladorCIMARQ - INFO - ✅ Ciclo completado en 0.01s | Éxito: 100.0% (1/1)
2025-11-03 22:27:29,182 - SimuladorCIMARQ - INFO - ⏰ Próximo ciclo: 22:32:29
2025-11-03 22:32:29,294 - SimuladorCIMARQ - INFO - 🔄 Iniciando ciclo de simulación - Sistema unificado
2025-11-03 22:32:29,297 - SimuladorCIMARQ - INFO - 📊 Datos Completos sin Nulos: T=12.0°C, pH=8.093, O2=6.79mg/L | MQTT=✅ | MongoDB=Via Backend
2025-11-03 22:32:29,297 - SimuladorCIMARQ - INFO - � MQTT Unificado: {temperatura: 12.0, ph: 8.093, oxigeno: 6.79, fecha: 1762219949297}
2025-11-03 22:32:29,298 - SimuladorCIMARQ - INFO - ✅ Ciclo completado en 0.00s | Éxito: 100.0% (1/1)
2025-11-03 22:32:29,298 - SimuladorCIMARQ - INFO - ⏰ Próximo ciclo: 22:37:29
2025-11-03 22:37:30,084 - SimuladorCIMARQ - INFO - 🔄 Iniciando ciclo de simulación - Sistema unificado
2025-11-03 22:37:30,086 - SimuladorCIMARQ - INFO - 📊 Datos Completos sin Nulos: T=12.0°C, pH=8.088, O2=6.77mg/L | MQTT=✅ | MongoDB=Via Backend
2025-11-03 22:37:30,087 - SimuladorCIMARQ - INFO - � MQTT Unificado: {temperatura: 12.0, ph: 8.088, oxigeno: 6.77, fecha: 1762220250087}
2025-11-03 22:37:30,087 - SimuladorCIMARQ - INFO - ✅ Ciclo completado en 0.00s | Éxito: 100.0% (1/1)
2025-11-03 22:37:30,088 - SimuladorCIMARQ - INFO - ⏰ Próximo ciclo: 22:42:30
2025-11-03 22:42:30,791 - SimuladorCIMARQ - INFO - 🔄 Iniciando ciclo de simulación - Sistema unificado
2025-11-03 22:42:30,794 - SimuladorCIMARQ - INFO - 📊 Datos Completos sin Nulos: T=12.0°C, pH=8.082, O2=6.74mg/L | MQTT=✅ | MongoDB=Via Backend
2025-11-03 22:42:30,794 - SimuladorCIMARQ - INFO - � MQTT Unificado: {temperatura: 12.0, ph: 8.082, oxigeno: 6.74, fecha: 1762220550794}
2025-11-03 22:42:30,795 - SimuladorCIMARQ - INFO - ✅ Ciclo completado en 0.00s | Éxito: 100.0% (1/1)
2025-11-03 22:42:30,796 - SimuladorCIMARQ - INFO - ⏰ Próximo ciclo: 22:47:30
2025-11-03 22:47:31,445 - SimuladorCIMARQ - INFO - 🔄 Iniciando ciclo de simulación - Sistema unificado
2025-11-03 22:47:31,447 - SimuladorCIMARQ - INFO - 📊 Datos Completos sin Nulos: T=12.0°C, pH=8.091, O2=6.76mg/L | MQTT=✅ | MongoDB=Via Backend
2025-11-03 22:47:31,448 - SimuladorCIMARQ - INFO - � MQTT Unificado: {temperatura: 12.0, ph: 8.091, oxigeno: 6.76, fecha: 1762220851447}
2025-11-03 22:47:31,448 - SimuladorCIMARQ - INFO - ✅ Ciclo completado en 0.00s | Éxito: 100.0% (1/1)
2025-11-03 22:47:31,448 - SimuladorCIMARQ - INFO - ⏰ Próximo ciclo: 22:52:31
2025-11-03 22:52:31,672 - SimuladorCIMARQ - INFO - 🔄 Iniciando ciclo de simulación - Sistema unificado
2025-11-03 22:52:31,674 - SimuladorCIMARQ - INFO - 📊 Datos Completos sin Nulos: T=12.0°C, pH=8.08, O2=6.76mg/L | MQTT=✅ | MongoDB=Via Backend
2025-11-03 22:52:31,674 - SimuladorCIMARQ - INFO - � MQTT Unificado: {temperatura: 12.0, ph: 8.08, oxigeno: 6.76, fecha: 1762221151674}
2025-11-03 22:52:31,675 - SimuladorCIMARQ - INFO - ✅ Ciclo completado en 0.00s | Éxito: 100.0% (1/1)
2025-11-03 22:52:31,676 - SimuladorCIMARQ - INFO - ⏰ Próximo ciclo: 22:57:31
2025-11-03 22:57:31,850 - SimuladorCIMARQ - INFO - 🔄 Iniciando ciclo de simulación - Sistema unificado
2025-11-03 22:57:31,852 - SimuladorCIMARQ - INFO - 📊 Datos Completos sin Nulos: T=12.0°C, pH=8.084, O2=6.75mg/L | MQTT=✅ | MongoDB=Via Backend
2025-11-03 22:57:31,855 - SimuladorCIMARQ - INFO - � MQTT Unificado: {temperatura: 12.0, ph: 8.084, oxigeno: 6.75, fecha: 1762221451854}
2025-11-03 22:57:31,855 - SimuladorCIMARQ - INFO - ✅ Ciclo completado en 0.01s | Éxito: 100.0% (1/1)
2025-11-03 22:57:31,856 - SimuladorCIMARQ - INFO - ⏰ Próximo ciclo: 23:02:31
2025-11-03 23:02:32,193 - SimuladorCIMARQ - INFO - 🔄 Iniciando ciclo de simulación - Sistema unificado
2025-11-03 23:02:32,198 - SimuladorCIMARQ - INFO - 📊 Datos Completos sin Nulos: T=12.0°C, pH=8.042, O2=6.4mg/L | MQTT=✅ | MongoDB=Via Backend
2025-11-03 23:02:32,198 - SimuladorCIMARQ - INFO - � MQTT Unificado: {temperatura: 12.0, ph: 8.042, oxigeno: 6.4, fecha: 1762221752198}
2025-11-03 23:02:32,198 - SimuladorCIMARQ - INFO - ✅ Ciclo completado en 0.01s | Éxito: 100.0% (1/1)
2025-11-03 23:02:32,199 - SimuladorCIMARQ - INFO - ⏰ Próximo ciclo: 23:07:32
2025-11-03 23:07:33,036 - SimuladorCIMARQ - INFO - 🔄 Iniciando ciclo de simulación - Sistema unificado
2025-11-03 23:07:33,037 - SimuladorCIMARQ - INFO - 📊 Datos Completos sin Nulos: T=12.0°C, pH=8.031, O2=6.41mg/L | MQTT=✅ | MongoDB=Via Backend
2025-11-03 23:07:33,038 - SimuladorCIMARQ - INFO - � MQTT Unificado: {temperatura: 12.0, ph: 8.031, oxigeno: 6.41, fecha: 1762222053038}
2025-11-03 23:07:33,039 - SimuladorCIMARQ - INFO - ✅ Ciclo completado en 0.00s | Éxito: 100.0% (1/1)
2025-11-03 23:07:33,039 - SimuladorCIMARQ - INFO - ⏰ Próximo ciclo: 23:12:33
2025-11-03 23:12:33,990 - SimuladorCIMARQ - INFO - 🔄 Iniciando ciclo de simulación - Sistema unificado
2025-11-03 23:12:33,992 - SimuladorCIMARQ - INFO - 📊 Datos Completos sin Nulos: T=12.0°C, pH=8.025, O2=6.41mg/L | MQTT=✅ | MongoDB=Via Backend
2025-11-03 23:12:33,993 - SimuladorCIMARQ - INFO - � MQTT Unificado: {temperatura: 12.0, ph: 8.025, oxigeno: 6.41, fecha: 1762222353992}
2025-11-03 23:12:33,993 - SimuladorCIMARQ - INFO - ✅ Ciclo completado en 0.00s | Éxito: 100.0% (1/1)
2025-11-03 23:12:33,994 - SimuladorCIMARQ - INFO - ⏰ Próximo ciclo: 23:17:33
2025-11-03 23:17:34,040 - SimuladorCIMARQ - INFO - 🔄 Iniciando ciclo de simulación - Sistema unificado
2025-11-03 23:17:34,042 - SimuladorCIMARQ - INFO - 📊 Datos Completos sin Nulos: T=12.0°C, pH=8.017, O2=6.38mg/L | MQTT=✅ | MongoDB=Via Backend
2025-11-03 23:17:34,043 - SimuladorCIMARQ - INFO - � MQTT Unificado: {temperatura: 12.0, ph: 8.017, oxigeno: 6.38, fecha: 1762222654043}
2025-11-03 23:17:34,043 - SimuladorCIMARQ - INFO - ✅ Ciclo completado en 0.00s | Éxito: 100.0% (1/1)
2025-11-03 23:17:34,044 - SimuladorCIMARQ - INFO - ⏰ Próximo ciclo: 23:22:34
2025-11-03 23:22:34,793 - SimuladorCIMARQ - INFO - 🔄 Iniciando ciclo de simulación - Sistema unificado
2025-11-03 23:22:34,797 - SimuladorCIMARQ - INFO - 📊 Datos Completos sin Nulos: T=12.0°C, pH=8.013, O2=6.41mg/L | MQTT=✅ | MongoDB=Via Backend
2025-11-03 23:22:34,798 - SimuladorCIMARQ - INFO - � MQTT Unificado: {temperatura: 12.0, ph: 8.013, oxigeno: 6.41, fecha: 1762222954798}
2025-11-03 23:22:34,798 - SimuladorCIMARQ - INFO - ✅ Ciclo completado en 0.01s | Éxito: 100.0% (1/1)
2025-11-03 23:22:34,799 - SimuladorCIMARQ - INFO - ⏰ Próximo ciclo: 23:27:34
2025-11-03 23:27:38,688 - SimuladorCIMARQ - INFO - 🔄 Iniciando ciclo de simulación - Sistema unificado
2025-11-03 23:27:38,691 - SimuladorCIMARQ - INFO - 📊 Datos Completos sin Nulos: T=12.0°C, pH=8.024, O2=6.4mg/L | MQTT=✅ | MongoDB=Via Backend
2025-11-03 23:27:38,691 - SimuladorCIMARQ - INFO - � MQTT Unificado: {temperatura: 12.0, ph: 8.024, oxigeno: 6.4, fecha: 1762223258691}
2025-11-03 23:27:38,691 - SimuladorCIMARQ - INFO - ✅ Ciclo completado en 0.00s | Éxito: 100.0% (1/1)
2025-11-03 23:27:38,692 - SimuladorCIMARQ - INFO - ⏰ Próximo ciclo: 23:32:38
2025-11-03 23:32:39,433 - SimuladorCIMARQ - INFO - 🔄 Iniciando ciclo de simulación - Sistema unificado
2025-11-03 23:32:39,434 - SimuladorCIMARQ - INFO - 📊 Datos Completos sin Nulos: T=12.0°C, pH=8.03, O2=6.42mg/L | MQTT=✅ | MongoDB=Via Backend
2025-11-03 23:32:39,435 - SimuladorCIMARQ - INFO - � MQTT Unificado: {temperatura: 12.0, ph: 8.03, oxigeno: 6.42, fecha: 1762223559434}
2025-11-03 23:32:39,435 - SimuladorCIMARQ - INFO - ✅ Ciclo completado en 0.00s | Éxito: 100.0% (1/1)
2025-11-03 23:32:39,435 - SimuladorCIMARQ - INFO - ⏰ Próximo ciclo: 23:37:39
2025-11-03 23:37:39,443 - SimuladorCIMARQ - INFO - 🔄 Iniciando ciclo de simulación - Sistema unificado
2025-11-03 23:37:39,444 - SimuladorCIMARQ - INFO - 📊 Datos Completos sin Nulos: T=12.0°C, pH=8.036, O2=6.43mg/L | MQTT=✅ | MongoDB=Via Backend
2025-11-03 23:37:39,446 - SimuladorCIMARQ - INFO - � MQTT Unificado: {temperatura: 12.0, ph: 8.036, oxigeno: 6.43, fecha: 1762223859445}
2025-11-03 23:37:39,446 - SimuladorCIMARQ - INFO - ✅ Ciclo completado en 0.00s | Éxito: 100.0% (1/1)
2025-11-03 23:37:39,447 - SimuladorCIMARQ - INFO - ⏰ Próximo ciclo: 23:42:39
2025-11-03 23:42:39,496 - SimuladorCIMARQ - INFO - 🔄 Iniciando ciclo de simulación - Sistema unificado
2025-11-03 23:42:39,501 - SimuladorCIMARQ - INFO - 📊 Datos Completos sin Nulos: T=12.0°C, pH=8.039, O2=6.38mg/L | MQTT=✅ | MongoDB=Via Backend
2025-11-03 23:42:39,502 - SimuladorCIMARQ - INFO - � MQTT Unificado: {temperatura: 12.0, ph: 8.039, oxigeno: 6.38, fecha: 1762224159502}
2025-11-03 23:42:39,502 - SimuladorCIMARQ - INFO - ✅ Ciclo completado en 0.01s | Éxito: 100.0% (1/1)
2025-11-03 23:42:39,503 - SimuladorCIMARQ - INFO - ⏰ Próximo ciclo: 23:47:39
2025-11-03 23:47:39,555 - SimuladorCIMARQ - INFO - 🔄 Iniciando ciclo de simulación - Sistema unificado
2025-11-03 23:47:39,559 - SimuladorCIMARQ - INFO - 📊 Datos Completos sin Nulos: T=12.0°C, pH=8.039, O2=6.36mg/L | MQTT=✅ | MongoDB=Via Backend
2025-11-03 23:47:39,560 - SimuladorCIMARQ - INFO - � MQTT Unificado: {temperatura: 12.0, ph: 8.039, oxigeno: 6.36, fecha: 1762224459560}
2025-11-03 23:47:39,560 - SimuladorCIMARQ - INFO - ✅ Ciclo completado en 0.00s | Éxito: 100.0% (1/1)
2025-11-03 23:47:39,561 - SimuladorCIMARQ - INFO - ⏰ Próximo ciclo: 23:52:39
2025-11-03 23:52:39,598 - SimuladorCIMARQ - INFO - 🔄 Iniciando ciclo de simulación - Sistema unificado
2025-11-03 23:52:39,600 - SimuladorCIMARQ - INFO - 📊 Datos Completos sin Nulos: T=12.0°C, pH=8.033, O2=6.4mg/L | MQTT=✅ | MongoDB=Via Backend
2025-11-03 23:52:39,600 - SimuladorCIMARQ - INFO - � MQTT Unificado: {temperatura: 12.0, ph: 8.033, oxigeno: 6.4, fecha: 1762224759600}
2025-11-03 23:52:39,601 - SimuladorCIMARQ - INFO - ✅ Ciclo completado en 0.00s | Éxito: 100.0% (1/1)
2025-11-03 23:52:39,601 - SimuladorCIMARQ - INFO - ⏰ Próximo ciclo: 23:57:39
2025-11-03 23:57:39,646 - SimuladorCIMARQ - INFO - 🔄 Iniciando ciclo de simulación - Sistema unificado
2025-11-03 23:57:39,648 - SimuladorCIMARQ - INFO - 📊 Datos Completos sin Nulos: T=12.0°C, pH=8.026, O2=6.37mg/L | MQTT=✅ | MongoDB=Via Backend
2025-11-03 23:57:39,648 - SimuladorCIMARQ - INFO - � MQTT Unificado: {temperatura: 12.0, ph: 8.026, oxigeno: 6.37, fecha: 1762225059648}
2025-11-03 23:57:39,649 - SimuladorCIMARQ - INFO - ✅ Ciclo completado en 0.00s | Éxito: 100.0% (1/1)
2025-11-03 23:57:39,649 - SimuladorCIMARQ - INFO - ⏰ Próximo ciclo: 00:02:39
2025-11-04 00:02:39,683 - SimuladorCIMARQ - INFO - 🔄 Iniciando ciclo de simulación - Sistema unificado
2025-11-04 00:02:39,684 - SimuladorCIMARQ - INFO - 📊 Datos Completos sin Nulos: T=12.0°C, pH=7.983, O2=6.04mg/L | MQTT=✅ | MongoDB=Via Backend
2025-11-04 00:02:39,685 - SimuladorCIMARQ - INFO - � MQTT Unificado: {temperatura: 12.0, ph: 7.983, oxigeno: 6.04, fecha: 1762225359685}
2025-11-04 00:02:39,685 - SimuladorCIMARQ - INFO - ✅ Ciclo completado en 0.00s | Éxito: 100.0% (1/1)
2025-11-04 00:02:39,685 - SimuladorCIMARQ - INFO - ⏰ Próximo ciclo: 00:07:39
2025-11-04 00:07:39,727 - SimuladorCIMARQ - INFO - 🔄 Iniciando ciclo de simulación - Sistema unificado
2025-11-04 00:07:39,728 - SimuladorCIMARQ - INFO - 📊 Datos Completos sin Nulos: T=12.0°C, pH=7.981, O2=6.05mg/L | MQTT=✅ | MongoDB=Via Backend
2025-11-04 00:07:39,730 - SimuladorCIMARQ - INFO - � MQTT Unificado: {temperatura: 12.0, ph: 7.981, oxigeno: 6.05, fecha: 1762225659728}
2025-11-04 00:07:39,730 - SimuladorCIMARQ - INFO - ✅ Ciclo completado en 0.00s | Éxito: 100.0% (1/1)
2025-11-04 00:07:39,731 - SimuladorCIMARQ - INFO - ⏰ Próximo ciclo: 00:12:39
2025-11-04 00:12:39,776 - SimuladorCIMARQ - INFO - 🔄 Iniciando ciclo de simulación - Sistema unificado
2025-11-04 00:12:39,778 - SimuladorCIMARQ - INFO - 📊 Datos Completos sin Nulos: T=12.0°C, pH=7.992, O2=6.03mg/L | MQTT=✅ | MongoDB=Via Backend
2025-11-04 00:12:39,778 - SimuladorCIMARQ - INFO - � MQTT Unificado: {temperatura: 12.0, ph: 7.992, oxigeno: 6.03, fecha: 1762225959778}
2025-11-04 00:12:39,778 - SimuladorCIMARQ - INFO - ✅ Ciclo completado en 0.00s | Éxito: 100.0% (1/1)
2025-11-04 00:12:39,779 - SimuladorCIMARQ - INFO - ⏰ Próximo ciclo: 00:17:39
2025-11-04 00:17:39,790 - SimuladorCIMARQ - INFO - 🔄 Iniciando ciclo de simulación - Sistema unificado
2025-11-04 00:17:39,792 - SimuladorCIMARQ - INFO - 📊 Datos Completos sin Nulos: T=12.0°C, pH=7.996, O2=6.01mg/L | MQTT=✅ | MongoDB=Via Backend
2025-11-04 00:17:39,792 - SimuladorCIMARQ - INFO - � MQTT Unificado: {temperatura: 12.0, ph: 7.996, oxigeno: 6.01, fecha: 1762226259792}
2025-11-04 00:17:39,792 - SimuladorCIMARQ - INFO - ✅ Ciclo completado en 0.00s | Éxito: 100.0% (1/1)
2025-11-04 00:17:39,793 - SimuladorCIMARQ - INFO - ⏰ Próximo ciclo: 00:22:39
2025-11-04 00:22:39,836 - SimuladorCIMARQ - INFO - 🔄 Iniciando ciclo de simulación - Sistema unificado
2025-11-04 00:22:39,838 - SimuladorCIMARQ - INFO - 📊 Datos Completos sin Nulos: T=12.0°C, pH=8.0, O2=6.01mg/L | MQTT=✅ | MongoDB=Via Backend
2025-11-04 00:22:39,840 - SimuladorCIMARQ - INFO - � MQTT Unificado: {temperatura: 12.0, ph: 8.0, oxigeno: 6.01, fecha: 1762226559840}
2025-11-04 00:22:39,840 - SimuladorCIMARQ - INFO - ✅ Ciclo completado en 0.00s | Éxito: 100.0% (1/1)
2025-11-04 00:22:39,841 - SimuladorCIMARQ - INFO - ⏰ Próximo ciclo: 00:27:39
2025-11-04 00:27:39,887 - SimuladorCIMARQ - INFO - 🔄 Iniciando ciclo de simulación - Sistema unificado
2025-11-04 00:27:39,889 - SimuladorCIMARQ - INFO - 📊 Datos Completos sin Nulos: T=12.0°C, pH=7.99, O2=6.01mg/L | MQTT=✅ | MongoDB=Via Backend
2025-11-04 00:27:39,889 - SimuladorCIMARQ - INFO - � MQTT Unificado: {temperatura: 12.0, ph: 7.99, oxigeno: 6.01, fecha: 1762226859889}
2025-11-04 00:27:39,890 - SimuladorCIMARQ - INFO - ✅ Ciclo completado en 0.00s | Éxito: 100.0% (1/1)
2025-11-04 00:27:39,890 - SimuladorCIMARQ - INFO - ⏰ Próximo ciclo: 00:32:39
2025-11-04 00:32:39,931 - SimuladorCIMARQ - INFO - 🔄 Iniciando ciclo de simulación - Sistema unificado
2025-11-04 00:32:39,932 - SimuladorCIMARQ - INFO - 📊 Datos Completos sin Nulos: T=12.0°C, pH=7.99, O2=6.04mg/L | MQTT=✅ | MongoDB=Via Backend
2025-11-04 00:32:39,932 - SimuladorCIMARQ - INFO - � MQTT Unificado: {temperatura: 12.0, ph: 7.99, oxigeno: 6.04, fecha: 1762227159932}
2025-11-04 00:32:39,933 - SimuladorCIMARQ - INFO - ✅ Ciclo completado en 0.00s | Éxito: 100.0% (1/1)
2025-11-04 00:32:39,933 - SimuladorCIMARQ - INFO - ⏰ Próximo ciclo: 00:37:39
2025-11-04 00:37:39,969 - SimuladorCIMARQ - INFO - 🔄 Iniciando ciclo de simulación - Sistema unificado
2025-11-04 00:37:39,971 - SimuladorCIMARQ - INFO - 📊 Datos Completos sin Nulos: T=12.0°C, pH=7.988, O2=6.02mg/L | MQTT=✅ | MongoDB=Via Backend
2025-11-04 00:37:39,971 - SimuladorCIMARQ - INFO - � MQTT Unificado: {temperatura: 12.0, ph: 7.988, oxigeno: 6.02, fecha: 1762227459971}
2025-11-04 00:37:39,972 - SimuladorCIMARQ - INFO - ✅ Ciclo completado en 0.00s | Éxito: 100.0% (1/1)
2025-11-04 00:37:39,972 - SimuladorCIMARQ - INFO - ⏰ Próximo ciclo: 00:42:39
2025-11-04 00:42:40,016 - SimuladorCIMARQ - INFO - 🔄 Iniciando ciclo de simulación - Sistema unificado
2025-11-04 00:42:40,017 - SimuladorCIMARQ - INFO - 📊 Datos Completos sin Nulos: T=12.0°C, pH=7.992, O2=6.03mg/L | MQTT=✅ | MongoDB=Via Backend
2025-11-04 00:42:40,018 - SimuladorCIMARQ - INFO - � MQTT Unificado: {temperatura: 12.0, ph: 7.992, oxigeno: 6.03, fecha: 1762227760018}
2025-11-04 00:42:40,018 - SimuladorCIMARQ - INFO - ✅ Ciclo completado en 0.00s | Éxito: 100.0% (1/1)
2025-11-04 00:42:40,019 - SimuladorCIMARQ - INFO - ⏰ Próximo ciclo: 00:47:40
2025-11-04 00:47:40,996 - SimuladorCIMARQ - INFO - 🔄 Iniciando ciclo de simulación - Sistema unificado
2025-11-04 00:47:40,996 - SimuladorCIMARQ - INFO - 📊 Datos Completos sin Nulos: T=12.0°C, pH=7.989, O2=6.01mg/L | MQTT=✅ | MongoDB=Via Backend
2025-11-04 00:47:40,997 - SimuladorCIMARQ - INFO - � MQTT Unificado: {temperatura: 12.0, ph: 7.989, oxigeno: 6.01, fecha: 1762228060997}
2025-11-04 00:47:40,997 - SimuladorCIMARQ - INFO - ✅ Ciclo completado en 0.00s | Éxito: 100.0% (1/1)
2025-11-04 00:47:40,997 - SimuladorCIMARQ - INFO - ⏰ Próximo ciclo: 00:52:40
2025-11-04 00:52:41,040 - SimuladorCIMARQ - INFO - 🔄 Iniciando ciclo de simulación - Sistema unificado
2025-11-04 00:52:41,041 - SimuladorCIMARQ - INFO - 📊 Datos Completos sin Nulos: T=12.0°C, pH=7.983, O2=6.03mg/L | MQTT=✅ | MongoDB=Via Backend
2025-11-04 00:52:41,041 - SimuladorCIMARQ - INFO - � MQTT Unificado: {temperatura: 12.0, ph: 7.983, oxigeno: 6.03, fecha: 1762228361041}
2025-11-04 00:52:41,041 - SimuladorCIMARQ - INFO - ✅ Ciclo completado en 0.00s | Éxito: 100.0% (1/1)
2025-11-04 00:52:41,042 - SimuladorCIMARQ - INFO - ⏰ Próximo ciclo: 00:57:41
2025-11-04 00:57:41,083 - SimuladorCIMARQ - INFO - 🔄 Iniciando ciclo de simulación - Sistema unificado
2025-11-04 00:57:41,084 - SimuladorCIMARQ - INFO - 📊 Datos Completos sin Nulos: T=12.0°C, pH=7.991, O2=6.02mg/L | MQTT=✅ | MongoDB=Via Backend
2025-11-04 00:57:41,085 - SimuladorCIMARQ - INFO - � MQTT Unificado: {temperatura: 12.0, ph: 7.991, oxigeno: 6.02, fecha: 1762228661085}
2025-11-04 00:57:41,086 - SimuladorCIMARQ - INFO - ✅ Ciclo completado en 0.00s | Éxito: 100.0% (1/1)
2025-11-04 00:57:41,086 - SimuladorCIMARQ - INFO - ⏰ Próximo ciclo: 01:02:41
2025-11-04 01:02:41,127 - SimuladorCIMARQ - INFO - 🔄 Iniciando ciclo de simulación - Sistema unificado
2025-11-04 01:02:41,128 - SimuladorCIMARQ - INFO - 📊 Datos Completos sin Nulos: T=12.0°C, pH=7.965, O2=5.78mg/L | MQTT=✅ | MongoDB=Via Backend
2025-11-04 01:02:41,129 - SimuladorCIMARQ - INFO - � MQTT Unificado: {temperatura: 12.0, ph: 7.965, oxigeno: 5.78, fecha: 1762228961128}
2025-11-04 01:02:41,129 - SimuladorCIMARQ - INFO - ✅ Ciclo completado en 0.00s | Éxito: 100.0% (1/1)
2025-11-04 01:02:41,129 - SimuladorCIMARQ - INFO - ⏰ Próximo ciclo: 01:07:41
2025-11-04 01:07:42,116 - SimuladorCIMARQ - INFO - 🔄 Iniciando ciclo de simulación - Sistema unificado
2025-11-04 01:07:42,116 - SimuladorCIMARQ - INFO - 📊 Datos Completos sin Nulos: T=12.0°C, pH=7.968, O2=5.78mg/L | MQTT=✅ | MongoDB=Via Backend
2025-11-04 01:07:42,117 - SimuladorCIMARQ - INFO - � MQTT Unificado: {temperatura: 12.0, ph: 7.968, oxigeno: 5.78, fecha: 1762229262117}
2025-11-04 01:07:42,117 - SimuladorCIMARQ - INFO - ✅ Ciclo completado en 0.00s | Éxito: 100.0% (1/1)
2025-11-04 01:07:42,117 - SimuladorCIMARQ - INFO - ⏰ Próximo ciclo: 01:12:42
2025-11-04 01:12:42,159 - SimuladorCIMARQ - INFO - 🔄 Iniciando ciclo de simulación - Sistema unificado
2025-11-04 01:12:42,160 - SimuladorCIMARQ - INFO - 📊 Datos Completos sin Nulos: T=12.0°C, pH=7.977, O2=5.77mg/L | MQTT=✅ | MongoDB=Via Backend
2025-11-04 01:12:42,162 - SimuladorCIMARQ - INFO - � MQTT Unificado: {temperatura: 12.0, ph: 7.977, oxigeno: 5.77, fecha: 1762229562162}
2025-11-04 01:12:42,162 - SimuladorCIMARQ - INFO - ✅ Ciclo completado en 0.00s | Éxito: 100.0% (1/1)
2025-11-04 01:12:42,162 - SimuladorCIMARQ - INFO - ⏰ Próximo ciclo: 01:17:42
2025-11-04 01:17:42,203 - SimuladorCIMARQ - INFO - 🔄 Iniciando ciclo de simulación - Sistema unificado
2025-11-04 01:17:42,204 - SimuladorCIMARQ - INFO - 📊 Datos Completos sin Nulos: T=12.0°C, pH=7.978, O2=5.79mg/L | MQTT=✅ | MongoDB=Via Backend
2025-11-04 01:17:42,204 - SimuladorCIMARQ - INFO - � MQTT Unificado: {temperatura: 12.0, ph: 7.978, oxigeno: 5.79, fecha: 1762229862204}
2025-11-04 01:17:42,204 - SimuladorCIMARQ - INFO - ✅ Ciclo completado en 0.00s | Éxito: 100.0% (1/1)
2025-11-04 01:17:42,204 - SimuladorCIMARQ - INFO - ⏰ Próximo ciclo: 01:22:42
2025-11-04 01:22:42,246 - SimuladorCIMARQ - INFO - 🔄 Iniciando ciclo de simulación - Sistema unificado
2025-11-04 01:22:42,247 - SimuladorCIMARQ - INFO - 📊 Datos Completos sin Nulos: T=12.0°C, pH=7.971, O2=5.77mg/L | MQTT=✅ | MongoDB=Via Backend
2025-11-04 01:22:42,247 - SimuladorCIMARQ - INFO - � MQTT Unificado: {temperatura: 12.0, ph: 7.971, oxigeno: 5.77, fecha: 1762230162247}
2025-11-04 01:22:42,248 - SimuladorCIMARQ - INFO - ✅ Ciclo completado en 0.00s | Éxito: 100.0% (1/1)
2025-11-04 01:22:42,248 - SimuladorCIMARQ - INFO - ⏰ Próximo ciclo: 01:27:42
2025-11-04 01:27:42,294 - SimuladorCIMARQ - INFO - 🔄 Iniciando ciclo de simulación - Sistema unificado
2025-11-04 01:27:42,295 - SimuladorCIMARQ - INFO - 📊 Datos Completos sin Nulos: T=12.0°C, pH=7.97, O2=5.74mg/L | MQTT=✅ | MongoDB=Via Backend
2025-11-04 01:27:42,296 - SimuladorCIMARQ - INFO - � MQTT Unificado: {temperatura: 12.0, ph: 7.97, oxigeno: 5.74, fecha: 1762230462296}
2025-11-04 01:27:42,297 - SimuladorCIMARQ - INFO - ✅ Ciclo completado en 0.00s | Éxito: 100.0% (1/1)
2025-11-04 01:27:42,297 - SimuladorCIMARQ - INFO - ⏰ Próximo ciclo: 01:32:42
2025-11-04 01:32:42,352 - SimuladorCIMARQ - INFO - 🔄 Iniciando ciclo de simulación - Sistema unificado
2025-11-04 01:32:42,354 - SimuladorCIMARQ - INFO - 📊 Datos Completos sin Nulos: T=12.0°C, pH=7.97, O2=5.75mg/L | MQTT=✅ | MongoDB=Via Backend
2025-11-04 01:32:42,355 - SimuladorCIMARQ - INFO - � MQTT Unificado: {temperatura: 12.0, ph: 7.97, oxigeno: 5.75, fecha: 1762230762355}
2025-11-04 01:32:42,356 - SimuladorCIMARQ - INFO - ✅ Ciclo completado en 0.00s | Éxito: 100.0% (1/1)
2025-11-04 01:32:42,356 - SimuladorCIMARQ - INFO - ⏰ Próximo ciclo: 01:37:42
2025-11-04 01:37:42,413 - SimuladorCIMARQ - INFO - 🔄 Iniciando ciclo de simulación - Sistema unificado
2025-11-04 01:37:42,414 - SimuladorCIMARQ - INFO - 📊 Datos Completos sin Nulos: T=12.0°C, pH=7.967, O2=5.75mg/L | MQTT=✅ | MongoDB=Via Backend
2025-11-04 01:37:42,414 - SimuladorCIMARQ - INFO - � MQTT Unificado: {temperatura: 12.0, ph: 7.967, oxigeno: 5.75, fecha: 1762231062414}
2025-11-04 01:37:42,415 - SimuladorCIMARQ - INFO - ✅ Ciclo completado en 0.00s | Éxito: 100.0% (1/1)
2025-11-04 01:37:42,415 - SimuladorCIMARQ - INFO - ⏰ Próximo ciclo: 01:42:42
2025-11-04 01:42:42,441 - SimuladorCIMARQ - INFO - 🔄 Iniciando ciclo de simulación - Sistema unificado
2025-11-04 01:42:42,444 - SimuladorCIMARQ - INFO - 📊 Datos Completos sin Nulos: T=12.0°C, pH=7.973, O2=5.76mg/L | MQTT=✅ | MongoDB=Via Backend
2025-11-04 01:42:42,445 - SimuladorCIMARQ - INFO - � MQTT Unificado: {temperatura: 12.0, ph: 7.973, oxigeno: 5.76, fecha: 1762231362445}
2025-11-04 01:42:42,446 - SimuladorCIMARQ - INFO - ✅ Ciclo completado en 0.00s | Éxito: 100.0% (1/1)
2025-11-04 01:42:42,446 - SimuladorCIMARQ - INFO - ⏰ Próximo ciclo: 01:47:42
2025-11-04 01:47:42,511 - SimuladorCIMARQ - INFO - 🔄 Iniciando ciclo de simulación - Sistema unificado
2025-11-04 01:47:42,512 - SimuladorCIMARQ - INFO - 📊 Datos Completos sin Nulos: T=12.0°C, pH=7.971, O2=5.82mg/L | MQTT=✅ | MongoDB=Via Backend
2025-11-04 01:47:42,513 - SimuladorCIMARQ - INFO - � MQTT Unificado: {temperatura: 12.0, ph: 7.971, oxigeno: 5.82, fecha: 1762231662513}
2025-11-04 01:47:42,513 - SimuladorCIMARQ - INFO - ✅ Ciclo completado en 0.00s | Éxito: 100.0% (1/1)
2025-11-04 01:47:42,514 - SimuladorCIMARQ - INFO - ⏰ Próximo ciclo: 01:52:42
2025-11-04 01:49:37,319 - SimuladorCIMARQ - INFO - 🛑 Señal de parada recibida, cerrando simulador...
2025-11-04 01:49:37,400 - SimuladorCIMARQ - INFO - 🧹 Cerrando conexiones...
2025-11-04 01:49:38,083 - SimuladorCIMARQ - WARNING - ⚠️ MQTT desconectado, código: 0
2025-11-04 01:49:38,087 - SimuladorCIMARQ - INFO - 📡 MQTT desconectado
2025-11-04 01:49:38,187 - SimuladorCIMARQ - INFO - 💾 MongoDB desconectado
2025-11-04 01:49:38,188 - SimuladorCIMARQ - INFO - ✅ Simulador cerrado correctamente
2025-11-06 17:56:00,289 - SimuladorCIMARQ - INFO - ⚙️ Configuración cargada - Intervalo: 300.0s, Sensores especializados: 3
2025-11-06 17:56:00,290 - SimuladorCIMARQ - INFO - 🚀 Simulador CIMARQ inicializado
2025-11-06 17:56:00,290 - SimuladorCIMARQ - INFO - 🚀 Iniciando simulador continuo CIMARQ
2025-11-06 17:56:00,290 - SimuladorCIMARQ - INFO - 📍 Zona: Central Chile (Valparaíso/Quintay)
2025-11-06 17:56:00,291 - SimuladorCIMARQ - INFO - ⏱️ Intervalo: 300.0s (5.0 min)
2025-11-06 17:56:00,291 - SimuladorCIMARQ - INFO - 🔢 Sensores especializados: 3 (Temperatura, pH, Oxígeno)
2025-11-06 17:56:01,115 - SimuladorCIMARQ - INFO - ✅ MongoDB conectado: cimarqdb
2025-11-06 17:56:01,764 - SimuladorCIMARQ - INFO - 📡 MQTT conectado: test.mosquitto.org:1883
2025-11-06 17:56:01,765 - SimuladorCIMARQ - INFO - ✅ Simulador iniciado correctamente - Modo 24/7 activo
2025-11-06 17:56:01,765 - SimuladorCIMARQ - INFO - 🔄 Iniciando ciclo de simulación - Sistema unificado
2025-11-06 17:56:01,766 - SimuladorCIMARQ - WARNING - ⚠️ MQTT no conectado, no se puede enviar datos unificados
2025-11-06 17:56:01,766 - SimuladorCIMARQ - INFO - 📊 Datos Completos sin Nulos: T=13.2°C, pH=8.113, O2=8.2mg/L | MQTT=❌ | MongoDB=Via Backend
2025-11-06 17:56:01,767 - SimuladorCIMARQ - INFO - � MQTT Unificado: {temperatura: 13.2, ph: 8.113, oxigeno: 8.2, fecha: 1762462561767}
2025-11-06 17:56:01,767 - SimuladorCIMARQ - INFO - ✅ Ciclo completado en 0.00s | Éxito: 0.0% (0/1)
2025-11-06 17:56:01,768 - SimuladorCIMARQ - INFO - ⏰ Próximo ciclo: 18:01:01
2025-11-06 17:56:02,005 - SimuladorCIMARQ - INFO - ✅ MQTT broker conectado exitosamente
2025-11-06 18:01:01,994 - SimuladorCIMARQ - INFO - 🔄 Iniciando ciclo de simulación - Sistema unificado
2025-11-06 18:01:01,996 - SimuladorCIMARQ - INFO - 📊 Datos Completos sin Nulos: T=12.76°C, pH=8.12, O2=8.02mg/L | MQTT=✅ | MongoDB=Via Backend
2025-11-06 18:01:01,997 - SimuladorCIMARQ - INFO - � MQTT Unificado: {temperatura: 12.76, ph: 8.12, oxigeno: 8.02, fecha: 1762462861997}
2025-11-06 18:01:01,997 - SimuladorCIMARQ - INFO - ✅ Ciclo completado en 0.00s | Éxito: 100.0% (1/1)
2025-11-06 18:01:01,998 - SimuladorCIMARQ - INFO - ⏰ Próximo ciclo: 18:06:01
2025-11-06 18:06:02,588 - SimuladorCIMARQ - INFO - 🔄 Iniciando ciclo de simulación - Sistema unificado
2025-11-06 18:06:02,594 - SimuladorCIMARQ - INFO - 📊 Datos Completos sin Nulos: T=12.78°C, pH=8.112, O2=8.01mg/L | MQTT=✅ | MongoDB=Via Backend
2025-11-06 18:06:02,595 - SimuladorCIMARQ - INFO - � MQTT Unificado: {temperatura: 12.78, ph: 8.112, oxigeno: 8.01, fecha: 1762463162595}
2025-11-06 18:06:02,596 - SimuladorCIMARQ - INFO - ✅ Ciclo completado en 0.01s | Éxito: 100.0% (1/1)
2025-11-06 18:06:02,596 - SimuladorCIMARQ - INFO - ⏰ Próximo ciclo: 18:11:02
2025-11-06 18:11:02,772 - SimuladorCIMARQ - INFO - 🔄 Iniciando ciclo de simulación - Sistema unificado
2025-11-06 18:11:02,775 - SimuladorCIMARQ - INFO - 📊 Datos Completos sin Nulos: T=12.74°C, pH=8.111, O2=8.03mg/L | MQTT=✅ | MongoDB=Via Backend
2025-11-06 18:11:02,776 - SimuladorCIMARQ - INFO - � MQTT Unificado: {temperatura: 12.74, ph: 8.111, oxigeno: 8.03, fecha: 1762463462776}
2025-11-06 18:11:02,777 - SimuladorCIMARQ - INFO - ✅ Ciclo completado en 0.01s | Éxito: 100.0% (1/1)
2025-11-06 18:11:02,778 - SimuladorCIMARQ - INFO - ⏰ Próximo ciclo: 18:16:02
2025-11-06 18:16:03,351 - SimuladorCIMARQ - INFO - 🔄 Iniciando ciclo de simulación - Sistema unificado
2025-11-06 18:16:03,353 - SimuladorCIMARQ - INFO - 📊 Datos Completos sin Nulos: T=12.78°C, pH=8.099, O2=8.0mg/L | MQTT=✅ | MongoDB=Via Backend
2025-11-06 18:16:03,354 - SimuladorCIMARQ - INFO - � MQTT Unificado: {temperatura: 12.78, ph: 8.099, oxigeno: 8.0, fecha: 1762463763354}
2025-11-06 18:16:03,355 - SimuladorCIMARQ - INFO - ✅ Ciclo completado en 0.00s | Éxito: 100.0% (1/1)
2025-11-06 18:16:03,356 - SimuladorCIMARQ - INFO - ⏰ Próximo ciclo: 18:21:03
2025-11-06 18:21:03,894 - SimuladorCIMARQ - INFO - 🔄 Iniciando ciclo de simulación - Sistema unificado
2025-11-06 18:21:03,897 - SimuladorCIMARQ - INFO - 📊 Datos Completos sin Nulos: T=12.71°C, pH=8.102, O2=7.99mg/L | MQTT=✅ | MongoDB=Via Backend
2025-11-06 18:21:03,898 - SimuladorCIMARQ - INFO - � MQTT Unificado: {temperatura: 12.71, ph: 8.102, oxigeno: 7.99, fecha: 1762464063898}
2025-11-06 18:21:03,898 - SimuladorCIMARQ - INFO - ✅ Ciclo completado en 0.00s | Éxito: 100.0% (1/1)
2025-11-06 18:21:03,899 - SimuladorCIMARQ - INFO - ⏰ Próximo ciclo: 18:26:03
2025-11-06 18:26:04,451 - SimuladorCIMARQ - INFO - 🔄 Iniciando ciclo de simulación - Sistema unificado
2025-11-06 18:26:04,453 - SimuladorCIMARQ - INFO - 📊 Datos Completos sin Nulos: T=12.78°C, pH=8.113, O2=7.97mg/L | MQTT=✅ | MongoDB=Via Backend
2025-11-06 18:26:04,454 - SimuladorCIMARQ - INFO - � MQTT Unificado: {temperatura: 12.78, ph: 8.113, oxigeno: 7.97, fecha: 1762464364454}
2025-11-06 18:26:04,454 - SimuladorCIMARQ - INFO - ✅ Ciclo completado en 0.00s | Éxito: 100.0% (1/1)
2025-11-06 18:26:04,455 - SimuladorCIMARQ - INFO - ⏰ Próximo ciclo: 18:31:04
2025-11-06 18:31:04,762 - SimuladorCIMARQ - INFO - 🔄 Iniciando ciclo de simulación - Sistema unificado
2025-11-06 18:31:04,765 - SimuladorCIMARQ - INFO - 📊 Datos Completos sin Nulos: T=12.71°C, pH=8.114, O2=8.0mg/L | MQTT=✅ | MongoDB=Via Backend
2025-11-06 18:31:04,766 - SimuladorCIMARQ - INFO - � MQTT Unificado: {temperatura: 12.71, ph: 8.114, oxigeno: 8.0, fecha: 1762464664766}
2025-11-06 18:31:04,767 - SimuladorCIMARQ - INFO - ✅ Ciclo completado en 0.00s | Éxito: 100.0% (1/1)
2025-11-06 18:31:04,767 - SimuladorCIMARQ - INFO - ⏰ Próximo ciclo: 18:36:04
2025-11-06 18:36:05,381 - SimuladorCIMARQ - INFO - 🔄 Iniciando ciclo de simulación - Sistema unificado
2025-11-06 18:36:05,384 - SimuladorCIMARQ - INFO - 📊 Datos Completos sin Nulos: T=12.7°C, pH=8.101, O2=8.0mg/L | MQTT=✅ | MongoDB=Via Backend
2025-11-06 18:36:05,385 - SimuladorCIMARQ - INFO - � MQTT Unificado: {temperatura: 12.7, ph: 8.101, oxigeno: 8.0, fecha: 1762464965384}
2025-11-06 18:36:05,386 - SimuladorCIMARQ - INFO - ✅ Ciclo completado en 0.00s | Éxito: 100.0% (1/1)
2025-11-06 18:36:05,386 - SimuladorCIMARQ - INFO - ⏰ Próximo ciclo: 18:41:05
2025-11-06 18:41:06,159 - SimuladorCIMARQ - INFO - 🔄 Iniciando ciclo de simulación - Sistema unificado
2025-11-06 18:41:06,163 - SimuladorCIMARQ - INFO - 📊 Datos Completos sin Nulos: T=12.73°C, pH=8.089, O2=7.99mg/L | MQTT=✅ | MongoDB=Via Backend
2025-11-06 18:41:06,164 - SimuladorCIMARQ - INFO - � MQTT Unificado: {temperatura: 12.73, ph: 8.089, oxigeno: 7.99, fecha: 1762465266164}
2025-11-06 18:41:06,164 - SimuladorCIMARQ - INFO - ✅ Ciclo completado en 0.01s | Éxito: 100.0% (1/1)
2025-11-06 18:41:06,166 - SimuladorCIMARQ - INFO - ⏰ Próximo ciclo: 18:46:06
2025-11-06 18:46:06,732 - SimuladorCIMARQ - INFO - 🔄 Iniciando ciclo de simulación - Sistema unificado
2025-11-06 18:46:06,736 - SimuladorCIMARQ - INFO - 📊 Datos Completos sin Nulos: T=12.81°C, pH=8.086, O2=8.0mg/L | MQTT=✅ | MongoDB=Via Backend
2025-11-06 18:46:06,736 - SimuladorCIMARQ - INFO - � MQTT Unificado: {temperatura: 12.81, ph: 8.086, oxigeno: 8.0, fecha: 1762465566736}
2025-11-06 18:46:06,737 - SimuladorCIMARQ - INFO - ✅ Ciclo completado en 0.00s | Éxito: 100.0% (1/1)
2025-11-06 18:46:06,739 - SimuladorCIMARQ - INFO - ⏰ Próximo ciclo: 18:51:06
2025-11-06 18:51:07,129 - SimuladorCIMARQ - INFO - 🔄 Iniciando ciclo de simulación - Sistema unificado
2025-11-06 18:51:07,136 - SimuladorCIMARQ - INFO - 📊 Datos Completos sin Nulos: T=12.83°C, pH=8.085, O2=8.01mg/L | MQTT=✅ | MongoDB=Via Backend
2025-11-06 18:51:07,137 - SimuladorCIMARQ - INFO - � MQTT Unificado: {temperatura: 12.83, ph: 8.085, oxigeno: 8.01, fecha: 1762465867137}
2025-11-06 18:51:07,138 - SimuladorCIMARQ - INFO - ✅ Ciclo completado en 0.01s | Éxito: 100.0% (1/1)
2025-11-06 18:51:07,140 - SimuladorCIMARQ - INFO - ⏰ Próximo ciclo: 18:56:07
2025-11-06 18:56:07,580 - SimuladorCIMARQ - INFO - 🔄 Iniciando ciclo de simulación - Sistema unificado
2025-11-06 18:56:07,584 - SimuladorCIMARQ - INFO - 📊 Datos Completos sin Nulos: T=12.84°C, pH=8.098, O2=8.0mg/L | MQTT=✅ | MongoDB=Via Backend
2025-11-06 18:56:07,585 - SimuladorCIMARQ - INFO - � MQTT Unificado: {temperatura: 12.84, ph: 8.098, oxigeno: 8.0, fecha: 1762466167585}
2025-11-06 18:56:07,585 - SimuladorCIMARQ - INFO - ✅ Ciclo completado en 0.01s | Éxito: 100.0% (1/1)
2025-11-06 18:56:07,586 - SimuladorCIMARQ - INFO - ⏰ Próximo ciclo: 19:01:07
2025-11-06 19:01:08,166 - SimuladorCIMARQ - INFO - 🔄 Iniciando ciclo de simulación - Sistema unificado
2025-11-06 19:01:08,168 - SimuladorCIMARQ - INFO - 📊 Datos Completos sin Nulos: T=12.43°C, pH=8.101, O2=7.71mg/L | MQTT=✅ | MongoDB=Via Backend
2025-11-06 19:01:08,169 - SimuladorCIMARQ - INFO - � MQTT Unificado: {temperatura: 12.43, ph: 8.101, oxigeno: 7.71, fecha: 1762466468169}
2025-11-06 19:01:08,169 - SimuladorCIMARQ - INFO - ✅ Ciclo completado en 0.00s | Éxito: 100.0% (1/1)
2025-11-06 19:01:08,170 - SimuladorCIMARQ - INFO - ⏰ Próximo ciclo: 19:06:08
2025-11-06 19:06:09,016 - SimuladorCIMARQ - INFO - 🔄 Iniciando ciclo de simulación - Sistema unificado
2025-11-06 19:06:09,019 - SimuladorCIMARQ - INFO - 📊 Datos Completos sin Nulos: T=12.5°C, pH=8.103, O2=7.68mg/L | MQTT=✅ | MongoDB=Via Backend
2025-11-06 19:06:09,019 - SimuladorCIMARQ - INFO - � MQTT Unificado: {temperatura: 12.5, ph: 8.103, oxigeno: 7.68, fecha: 1762466769019}
2025-11-06 19:06:09,020 - SimuladorCIMARQ - INFO - ✅ Ciclo completado en 0.00s | Éxito: 100.0% (1/1)
2025-11-06 19:06:09,021 - SimuladorCIMARQ - INFO - ⏰ Próximo ciclo: 19:11:09
2025-11-06 19:11:09,088 - SimuladorCIMARQ - INFO - 🔄 Iniciando ciclo de simulación - Sistema unificado
2025-11-06 19:11:09,090 - SimuladorCIMARQ - INFO - 📊 Datos Completos sin Nulos: T=12.44°C, pH=8.11, O2=7.71mg/L | MQTT=✅ | MongoDB=Via Backend
2025-11-06 19:11:09,091 - SimuladorCIMARQ - INFO - � MQTT Unificado: {temperatura: 12.44, ph: 8.11, oxigeno: 7.71, fecha: 1762467069091}
2025-11-06 19:11:09,091 - SimuladorCIMARQ - INFO - ✅ Ciclo completado en 0.00s | Éxito: 100.0% (1/1)
2025-11-06 19:11:09,092 - SimuladorCIMARQ - INFO - ⏰ Próximo ciclo: 19:16:09
2025-11-06 19:16:09,661 - SimuladorCIMARQ - INFO - 🔄 Iniciando ciclo de simulación - Sistema unificado
2025-11-06 19:16:09,665 - SimuladorCIMARQ - INFO - 📊 Datos Completos sin Nulos: T=12.45°C, pH=8.114, O2=7.7mg/L | MQTT=✅ | MongoDB=Via Backend
2025-11-06 19:16:09,665 - SimuladorCIMARQ - INFO - � MQTT Unificado: {temperatura: 12.45, ph: 8.114, oxigeno: 7.7, fecha: 1762467369665}
2025-11-06 19:16:09,666 - SimuladorCIMARQ - INFO - ✅ Ciclo completado en 0.00s | Éxito: 100.0% (1/1)
2025-11-06 19:16:09,666 - SimuladorCIMARQ - INFO - ⏰ Próximo ciclo: 19:21:09
2025-11-06 19:21:10,049 - SimuladorCIMARQ - INFO - 🔄 Iniciando ciclo de simulación - Sistema unificado
2025-11-06 19:21:10,052 - SimuladorCIMARQ - INFO - 📊 Datos Completos sin Nulos: T=12.46°C, pH=8.113, O2=7.71mg/L | MQTT=✅ | MongoDB=Via Backend
2025-11-06 19:21:10,053 - SimuladorCIMARQ - INFO - � MQTT Unificado: {temperatura: 12.46, ph: 8.113, oxigeno: 7.71, fecha: 1762467670053}
2025-11-06 19:21:10,054 - SimuladorCIMARQ - INFO - ✅ Ciclo completado en 0.00s | Éxito: 100.0% (1/1)
2025-11-06 19:21:10,054 - SimuladorCIMARQ - INFO - ⏰ Próximo ciclo: 19:26:10
2025-11-06 19:26:10,534 - SimuladorCIMARQ - INFO - 🔄 Iniciando ciclo de simulación - Sistema unificado
2025-11-06 19:26:10,536 - SimuladorCIMARQ - INFO - 📊 Datos Completos sin Nulos: T=12.37°C, pH=8.122, O2=7.7mg/L | MQTT=✅ | MongoDB=Via Backend
2025-11-06 19:26:10,537 - SimuladorCIMARQ - INFO - � MQTT Unificado: {temperatura: 12.37, ph: 8.122, oxigeno: 7.7, fecha: 1762467970537}
2025-11-06 19:26:10,538 - SimuladorCIMARQ - INFO - ✅ Ciclo completado en 0.00s | Éxito: 100.0% (1/1)
2025-11-06 19:26:10,538 - SimuladorCIMARQ - INFO - ⏰ Próximo ciclo: 19:31:10
2025-11-06 19:31:11,118 - SimuladorCIMARQ - INFO - 🔄 Iniciando ciclo de simulación - Sistema unificado
2025-11-06 19:31:11,119 - SimuladorCIMARQ - INFO - 📊 Datos Completos sin Nulos: T=12.39°C, pH=8.122, O2=7.72mg/L | MQTT=✅ | MongoDB=Via Backend
2025-11-06 19:31:11,120 - SimuladorCIMARQ - INFO - � MQTT Unificado: {temperatura: 12.39, ph: 8.122, oxigeno: 7.72, fecha: 1762468271119}
2025-11-06 19:31:11,120 - SimuladorCIMARQ - INFO - ✅ Ciclo completado en 0.00s | Éxito: 100.0% (1/1)
2025-11-06 19:31:11,120 - SimuladorCIMARQ - INFO - ⏰ Próximo ciclo: 19:36:11
2025-11-06 19:36:11,836 - SimuladorCIMARQ - INFO - 🔄 Iniciando ciclo de simulación - Sistema unificado
2025-11-06 19:36:11,839 - SimuladorCIMARQ - INFO - 📊 Datos Completos sin Nulos: T=12.45°C, pH=8.115, O2=7.73mg/L | MQTT=✅ | MongoDB=Via Backend
2025-11-06 19:36:11,839 - SimuladorCIMARQ - INFO - � MQTT Unificado: {temperatura: 12.45, ph: 8.115, oxigeno: 7.73, fecha: 1762468571839}
2025-11-06 19:36:11,840 - SimuladorCIMARQ - INFO - ✅ Ciclo completado en 0.00s | Éxito: 100.0% (1/1)
2025-11-06 19:36:11,840 - SimuladorCIMARQ - INFO - ⏰ Próximo ciclo: 19:41:11
2025-11-06 19:41:11,948 - SimuladorCIMARQ - INFO - 🔄 Iniciando ciclo de simulación - Sistema unificado
2025-11-06 19:41:11,950 - SimuladorCIMARQ - INFO - 📊 Datos Completos sin Nulos: T=12.39°C, pH=8.119, O2=7.71mg/L | MQTT=✅ | MongoDB=Via Backend
2025-11-06 19:41:11,951 - SimuladorCIMARQ - INFO - � MQTT Unificado: {temperatura: 12.39, ph: 8.119, oxigeno: 7.71, fecha: 1762468871950}
2025-11-06 19:41:11,952 - SimuladorCIMARQ - INFO - ✅ Ciclo completado en 0.00s | Éxito: 100.0% (1/1)
2025-11-06 19:41:11,953 - SimuladorCIMARQ - INFO - ⏰ Próximo ciclo: 19:46:11
2025-11-06 19:46:12,074 - SimuladorCIMARQ - INFO - 🔄 Iniciando ciclo de simulación - Sistema unificado
2025-11-06 19:46:12,077 - SimuladorCIMARQ - INFO - 📊 Datos Completos sin Nulos: T=12.4°C, pH=8.111, O2=7.73mg/L | MQTT=✅ | MongoDB=Via Backend
2025-11-06 19:46:12,078 - SimuladorCIMARQ - INFO - � MQTT Unificado: {temperatura: 12.4, ph: 8.111, oxigeno: 7.73, fecha: 1762469172078}
2025-11-06 19:46:12,078 - SimuladorCIMARQ - INFO - ✅ Ciclo completado en 0.00s | Éxito: 100.0% (1/1)
2025-11-06 19:46:12,079 - SimuladorCIMARQ - INFO - ⏰ Próximo ciclo: 19:51:12
2025-11-06 19:51:12,220 - SimuladorCIMARQ - INFO - 🔄 Iniciando ciclo de simulación - Sistema unificado
2025-11-06 19:51:12,222 - SimuladorCIMARQ - INFO - 📊 Datos Completos sin Nulos: T=12.41°C, pH=8.113, O2=7.71mg/L | MQTT=✅ | MongoDB=Via Backend
2025-11-06 19:51:12,223 - SimuladorCIMARQ - INFO - � MQTT Unificado: {temperatura: 12.41, ph: 8.113, oxigeno: 7.71, fecha: 1762469472223}
2025-11-06 19:51:12,224 - SimuladorCIMARQ - INFO - ✅ Ciclo completado en 0.00s | Éxito: 100.0% (1/1)
2025-11-06 19:51:12,225 - SimuladorCIMARQ - INFO - ⏰ Próximo ciclo: 19:56:12
2025-11-06 19:56:13,472 - SimuladorCIMARQ - INFO - 🔄 Iniciando ciclo de simulación - Sistema unificado
2025-11-06 19:56:13,473 - SimuladorCIMARQ - INFO - 📊 Datos Completos sin Nulos: T=12.51°C, pH=8.115, O2=7.72mg/L | MQTT=✅ | MongoDB=Via Backend
2025-11-06 19:56:13,474 - SimuladorCIMARQ - INFO - � MQTT Unificado: {temperatura: 12.51, ph: 8.115, oxigeno: 7.72, fecha: 1762469773474}
2025-11-06 19:56:13,475 - SimuladorCIMARQ - INFO - ✅ Ciclo completado en 0.00s | Éxito: 100.0% (1/1)
2025-11-06 19:56:13,475 - SimuladorCIMARQ - INFO - ⏰ Próximo ciclo: 20:01:13
2025-11-06 20:01:14,008 - SimuladorCIMARQ - INFO - 🔄 Iniciando ciclo de simulación - Sistema unificado
2025-11-06 20:01:14,011 - SimuladorCIMARQ - INFO - 📊 Datos Completos sin Nulos: T=12.06°C, pH=8.097, O2=7.4mg/L | MQTT=✅ | MongoDB=Via Backend
2025-11-06 20:01:14,012 - SimuladorCIMARQ - INFO - � MQTT Unificado: {temperatura: 12.06, ph: 8.097, oxigeno: 7.4, fecha: 1762470074012}
2025-11-06 20:01:14,015 - SimuladorCIMARQ - INFO - ✅ Ciclo completado en 0.01s | Éxito: 100.0% (1/1)
2025-11-06 20:01:14,016 - SimuladorCIMARQ - INFO - ⏰ Próximo ciclo: 20:06:14
2025-11-06 20:06:14,486 - SimuladorCIMARQ - INFO - 🔄 Iniciando ciclo de simulación - Sistema unificado
2025-11-06 20:06:14,487 - SimuladorCIMARQ - INFO - 📊 Datos Completos sin Nulos: T=12.03°C, pH=8.098, O2=7.37mg/L | MQTT=✅ | MongoDB=Via Backend
2025-11-06 20:06:14,488 - SimuladorCIMARQ - INFO - � MQTT Unificado: {temperatura: 12.03, ph: 8.098, oxigeno: 7.37, fecha: 1762470374488}
2025-11-06 20:06:14,488 - SimuladorCIMARQ - INFO - ✅ Ciclo completado en 0.00s | Éxito: 100.0% (1/1)
2025-11-06 20:06:14,489 - SimuladorCIMARQ - INFO - ⏰ Próximo ciclo: 20:11:14
2025-11-06 20:11:15,152 - SimuladorCIMARQ - INFO - 🔄 Iniciando ciclo de simulación - Sistema unificado
2025-11-06 20:11:15,153 - SimuladorCIMARQ - INFO - 📊 Datos Completos sin Nulos: T=12.09°C, pH=8.098, O2=7.38mg/L | MQTT=✅ | MongoDB=Via Backend
2025-11-06 20:11:15,155 - SimuladorCIMARQ - INFO - � MQTT Unificado: {temperatura: 12.09, ph: 8.098, oxigeno: 7.38, fecha: 1762470675155}
2025-11-06 20:11:15,156 - SimuladorCIMARQ - INFO - ✅ Ciclo completado en 0.00s | Éxito: 100.0% (1/1)
2025-11-06 20:11:15,157 - SimuladorCIMARQ - INFO - ⏰ Próximo ciclo: 20:16:15
2025-11-06 20:16:16,962 - SimuladorCIMARQ - INFO - 🔄 Iniciando ciclo de simulación - Sistema unificado
2025-11-06 20:16:16,963 - SimuladorCIMARQ - INFO - 📊 Datos Completos sin Nulos: T=12.05°C, pH=8.1, O2=7.35mg/L | MQTT=✅ | MongoDB=Via Backend
2025-11-06 20:16:16,964 - SimuladorCIMARQ - INFO - � MQTT Unificado: {temperatura: 12.05, ph: 8.1, oxigeno: 7.35, fecha: 1762470976964}
2025-11-06 20:16:16,965 - SimuladorCIMARQ - INFO - ✅ Ciclo completado en 0.00s | Éxito: 100.0% (1/1)
2025-11-06 20:16:16,965 - SimuladorCIMARQ - INFO - ⏰ Próximo ciclo: 20:21:16
2025-11-06 20:21:17,939 - SimuladorCIMARQ - INFO - 🔄 Iniciando ciclo de simulación - Sistema unificado
2025-11-06 20:21:17,941 - SimuladorCIMARQ - INFO - 📊 Datos Completos sin Nulos: T=12.03°C, pH=8.086, O2=7.33mg/L | MQTT=✅ | MongoDB=Via Backend
2025-11-06 20:21:17,942 - SimuladorCIMARQ - INFO - � MQTT Unificado: {temperatura: 12.03, ph: 8.086, oxigeno: 7.33, fecha: 1762471277942}
2025-11-06 20:21:17,942 - SimuladorCIMARQ - INFO - ✅ Ciclo completado en 0.00s | Éxito: 100.0% (1/1)
2025-11-06 20:21:17,943 - SimuladorCIMARQ - INFO - ⏰ Próximo ciclo: 20:26:17
2025-11-06 20:26:18,840 - SimuladorCIMARQ - INFO - 🔄 Iniciando ciclo de simulación - Sistema unificado
2025-11-06 20:26:18,843 - SimuladorCIMARQ - INFO - 📊 Datos Completos sin Nulos: T=12.08°C, pH=8.08, O2=7.34mg/L | MQTT=✅ | MongoDB=Via Backend
2025-11-06 20:26:18,843 - SimuladorCIMARQ - INFO - � MQTT Unificado: {temperatura: 12.08, ph: 8.08, oxigeno: 7.34, fecha: 1762471578843}
2025-11-06 20:26:18,844 - SimuladorCIMARQ - INFO - ✅ Ciclo completado en 0.00s | Éxito: 100.0% (1/1)
2025-11-06 20:26:18,844 - SimuladorCIMARQ - INFO - ⏰ Próximo ciclo: 20:31:18
2025-11-06 20:31:18,900 - SimuladorCIMARQ - INFO - 🔄 Iniciando ciclo de simulación - Sistema unificado
2025-11-06 20:31:18,901 - SimuladorCIMARQ - INFO - 📊 Datos Completos sin Nulos: T=12.01°C, pH=8.075, O2=7.34mg/L | MQTT=✅ | MongoDB=Via Backend
2025-11-06 20:31:18,901 - SimuladorCIMARQ - INFO - � MQTT Unificado: {temperatura: 12.01, ph: 8.075, oxigeno: 7.34, fecha: 1762471878901}
2025-11-06 20:31:18,902 - SimuladorCIMARQ - INFO - ✅ Ciclo completado en 0.00s | Éxito: 100.0% (1/1)
2025-11-06 20:31:18,902 - SimuladorCIMARQ - INFO - ⏰ Próximo ciclo: 20:36:18
2025-11-06 20:36:19,198 - SimuladorCIMARQ - INFO - 🔄 Iniciando ciclo de simulación - Sistema unificado
2025-11-06 20:36:19,233 - SimuladorCIMARQ - INFO - 📊 Datos Completos sin Nulos: T=12.03°C, pH=8.072, O2=7.36mg/L | MQTT=✅ | MongoDB=Via Backend
2025-11-06 20:36:19,234 - SimuladorCIMARQ - INFO - � MQTT Unificado: {temperatura: 12.03, ph: 8.072, oxigeno: 7.36, fecha: 1762472179234}
2025-11-06 20:36:19,235 - SimuladorCIMARQ - INFO - ✅ Ciclo completado en 0.04s | Éxito: 100.0% (1/1)
2025-11-06 20:36:19,235 - SimuladorCIMARQ - INFO - ⏰ Próximo ciclo: 20:41:19
2025-11-06 20:41:20,374 - SimuladorCIMARQ - INFO - 🔄 Iniciando ciclo de simulación - Sistema unificado
2025-11-06 20:41:20,376 - SimuladorCIMARQ - INFO - 📊 Datos Completos sin Nulos: T=12.0°C, pH=8.072, O2=7.35mg/L | MQTT=✅ | MongoDB=Via Backend
2025-11-06 20:41:20,376 - SimuladorCIMARQ - INFO - � MQTT Unificado: {temperatura: 12.0, ph: 8.072, oxigeno: 7.35, fecha: 1762472480376}
2025-11-06 20:41:20,377 - SimuladorCIMARQ - INFO - ✅ Ciclo completado en 0.41s | Éxito: 100.0% (1/1)
2025-11-06 20:41:20,377 - SimuladorCIMARQ - INFO - ⏰ Próximo ciclo: 20:46:19
2025-11-06 20:46:20,207 - SimuladorCIMARQ - INFO - 🔄 Iniciando ciclo de simulación - Sistema unificado
2025-11-06 20:46:20,208 - SimuladorCIMARQ - INFO - 📊 Datos Completos sin Nulos: T=12.0°C, pH=8.084, O2=7.33mg/L | MQTT=✅ | MongoDB=Via Backend
2025-11-06 20:46:20,209 - SimuladorCIMARQ - INFO - � MQTT Unificado: {temperatura: 12.0, ph: 8.084, oxigeno: 7.33, fecha: 1762472780209}
2025-11-06 20:46:20,209 - SimuladorCIMARQ - INFO - ✅ Ciclo completado en 0.00s | Éxito: 100.0% (1/1)
2025-11-06 20:46:20,210 - SimuladorCIMARQ - INFO - ⏰ Próximo ciclo: 20:51:20
2025-11-06 20:51:20,659 - SimuladorCIMARQ - INFO - 🔄 Iniciando ciclo de simulación - Sistema unificado
2025-11-06 20:51:20,661 - SimuladorCIMARQ - INFO - 📊 Datos Completos sin Nulos: T=12.04°C, pH=8.086, O2=7.31mg/L | MQTT=✅ | MongoDB=Via Backend
2025-11-06 20:51:20,661 - SimuladorCIMARQ - INFO - � MQTT Unificado: {temperatura: 12.04, ph: 8.086, oxigeno: 7.31, fecha: 1762473080661}
2025-11-06 20:51:20,663 - SimuladorCIMARQ - INFO - ✅ Ciclo completado en 0.00s | Éxito: 100.0% (1/1)
2025-11-06 20:51:20,663 - SimuladorCIMARQ - INFO - ⏰ Próximo ciclo: 20:56:20
2025-11-06 20:56:21,303 - SimuladorCIMARQ - INFO - 🔄 Iniciando ciclo de simulación - Sistema unificado
2025-11-06 20:56:21,305 - SimuladorCIMARQ - INFO - 📊 Datos Completos sin Nulos: T=12.0°C, pH=8.086, O2=7.31mg/L | MQTT=✅ | MongoDB=Via Backend
2025-11-06 20:56:21,306 - SimuladorCIMARQ - INFO - � MQTT Unificado: {temperatura: 12.0, ph: 8.086, oxigeno: 7.31, fecha: 1762473381306}
2025-11-06 20:56:21,307 - SimuladorCIMARQ - INFO - ✅ Ciclo completado en 0.00s | Éxito: 100.0% (1/1)
2025-11-06 20:56:21,308 - SimuladorCIMARQ - INFO - ⏰ Próximo ciclo: 21:01:21
2025-11-06 21:01:22,159 - SimuladorCIMARQ - INFO - 🔄 Iniciando ciclo de simulación - Sistema unificado
2025-11-06 21:01:22,161 - SimuladorCIMARQ - INFO - 📊 Datos Completos sin Nulos: T=12.0°C, pH=8.054, O2=6.93mg/L | MQTT=✅ | MongoDB=Via Backend
2025-11-06 21:01:22,162 - SimuladorCIMARQ - INFO - � MQTT Unificado: {temperatura: 12.0, ph: 8.054, oxigeno: 6.93, fecha: 1762473682162}
2025-11-06 21:01:22,163 - SimuladorCIMARQ - INFO - ✅ Ciclo completado en 0.00s | Éxito: 100.0% (1/1)
2025-11-06 21:01:22,164 - SimuladorCIMARQ - INFO - ⏰ Próximo ciclo: 21:06:22
2025-11-06 21:06:23,151 - SimuladorCIMARQ - INFO - 🔄 Iniciando ciclo de simulación - Sistema unificado
2025-11-06 21:06:23,156 - SimuladorCIMARQ - INFO - 📊 Datos Completos sin Nulos: T=12.0°C, pH=8.053, O2=6.9mg/L | MQTT=✅ | MongoDB=Via Backend
2025-11-06 21:06:23,157 - SimuladorCIMARQ - INFO - � MQTT Unificado: {temperatura: 12.0, ph: 8.053, oxigeno: 6.9, fecha: 1762473983157}
2025-11-06 21:06:23,158 - SimuladorCIMARQ - INFO - ✅ Ciclo completado en 0.01s | Éxito: 100.0% (1/1)
2025-11-06 21:06:23,158 - SimuladorCIMARQ - INFO - ⏰ Próximo ciclo: 21:11:23
2025-11-06 21:11:23,185 - SimuladorCIMARQ - INFO - 🔄 Iniciando ciclo de simulación - Sistema unificado
2025-11-06 21:11:23,187 - SimuladorCIMARQ - INFO - 📊 Datos Completos sin Nulos: T=12.0°C, pH=8.063, O2=6.93mg/L | MQTT=✅ | MongoDB=Via Backend
2025-11-06 21:11:23,188 - SimuladorCIMARQ - INFO - � MQTT Unificado: {temperatura: 12.0, ph: 8.063, oxigeno: 6.93, fecha: 1762474283188}
2025-11-06 21:11:23,189 - SimuladorCIMARQ - INFO - ✅ Ciclo completado en 0.00s | Éxito: 100.0% (1/1)
2025-11-06 21:11:23,190 - SimuladorCIMARQ - INFO - ⏰ Próximo ciclo: 21:16:23
2025-11-06 21:16:23,218 - SimuladorCIMARQ - INFO - 🔄 Iniciando ciclo de simulación - Sistema unificado
2025-11-06 21:16:23,220 - SimuladorCIMARQ - INFO - 📊 Datos Completos sin Nulos: T=12.0°C, pH=8.063, O2=6.92mg/L | MQTT=✅ | MongoDB=Via Backend
2025-11-06 21:16:23,221 - SimuladorCIMARQ - INFO - � MQTT Unificado: {temperatura: 12.0, ph: 8.063, oxigeno: 6.92, fecha: 1762474583221}
2025-11-06 21:16:23,222 - SimuladorCIMARQ - INFO - ✅ Ciclo completado en 0.00s | Éxito: 100.0% (1/1)
2025-11-06 21:16:23,223 - SimuladorCIMARQ - INFO - ⏰ Próximo ciclo: 21:21:23
2025-11-06 21:21:23,388 - SimuladorCIMARQ - INFO - 🔄 Iniciando ciclo de simulación - Sistema unificado
2025-11-06 21:21:23,390 - SimuladorCIMARQ - INFO - 📊 Datos Completos sin Nulos: T=12.0°C, pH=8.053, O2=6.91mg/L | MQTT=✅ | MongoDB=Via Backend
2025-11-06 21:21:23,392 - SimuladorCIMARQ - INFO - � MQTT Unificado: {temperatura: 12.0, ph: 8.053, oxigeno: 6.91, fecha: 1762474883392}
2025-11-06 21:21:23,392 - SimuladorCIMARQ - INFO - ✅ Ciclo completado en 0.00s | Éxito: 100.0% (1/1)
2025-11-06 21:21:23,393 - SimuladorCIMARQ - INFO - ⏰ Próximo ciclo: 21:26:23
2025-11-06 21:26:23,671 - SimuladorCIMARQ - INFO - 🔄 Iniciando ciclo de simulación - Sistema unificado
2025-11-06 21:26:23,671 - SimuladorCIMARQ - INFO - 📊 Datos Completos sin Nulos: T=12.0°C, pH=8.057, O2=6.89mg/L | MQTT=✅ | MongoDB=Via Backend
2025-11-06 21:26:23,672 - SimuladorCIMARQ - INFO - � MQTT Unificado: {temperatura: 12.0, ph: 8.057, oxigeno: 6.89, fecha: 1762475183672}
2025-11-06 21:26:23,672 - SimuladorCIMARQ - INFO - ✅ Ciclo completado en 0.00s | Éxito: 100.0% (1/1)
2025-11-06 21:26:23,673 - SimuladorCIMARQ - INFO - ⏰ Próximo ciclo: 21:31:23
2025-11-06 21:31:24,166 - SimuladorCIMARQ - INFO - 🔄 Iniciando ciclo de simulación - Sistema unificado
2025-11-06 21:31:24,168 - SimuladorCIMARQ - INFO - 📊 Datos Completos sin Nulos: T=12.0°C, pH=8.054, O2=6.89mg/L | MQTT=✅ | MongoDB=Via Backend
2025-11-06 21:31:24,168 - SimuladorCIMARQ - INFO - � MQTT Unificado: {temperatura: 12.0, ph: 8.054, oxigeno: 6.89, fecha: 1762475484168}
2025-11-06 21:31:24,170 - SimuladorCIMARQ - INFO - ✅ Ciclo completado en 0.00s | Éxito: 100.0% (1/1)
2025-11-06 21:31:24,170 - SimuladorCIMARQ - INFO - ⏰ Próximo ciclo: 21:36:24
2025-11-06 21:36:24,672 - SimuladorCIMARQ - INFO - 🔄 Iniciando ciclo de simulación - Sistema unificado
2025-11-06 21:36:24,673 - SimuladorCIMARQ - INFO - 📊 Datos Completos sin Nulos: T=12.0°C, pH=8.055, O2=6.87mg/L | MQTT=✅ | MongoDB=Via Backend
2025-11-06 21:36:24,675 - SimuladorCIMARQ - INFO - � MQTT Unificado: {temperatura: 12.0, ph: 8.055, oxigeno: 6.87, fecha: 1762475784675}
2025-11-06 21:36:24,676 - SimuladorCIMARQ - INFO - ✅ Ciclo completado en 0.00s | Éxito: 100.0% (1/1)
2025-11-06 21:36:24,676 - SimuladorCIMARQ - INFO - ⏰ Próximo ciclo: 21:41:24
2025-11-06 21:41:25,207 - SimuladorCIMARQ - INFO - 🔄 Iniciando ciclo de simulación - Sistema unificado
2025-11-06 21:41:25,208 - SimuladorCIMARQ - INFO - 📊 Datos Completos sin Nulos: T=12.0°C, pH=8.048, O2=6.87mg/L | MQTT=✅ | MongoDB=Via Backend
2025-11-06 21:41:25,210 - SimuladorCIMARQ - INFO - � MQTT Unificado: {temperatura: 12.0, ph: 8.048, oxigeno: 6.87, fecha: 1762476085210}
2025-11-06 21:41:25,212 - SimuladorCIMARQ - INFO - ✅ Ciclo completado en 0.00s | Éxito: 100.0% (1/1)
2025-11-06 21:41:25,213 - SimuladorCIMARQ - INFO - ⏰ Próximo ciclo: 21:46:25
2025-11-06 21:46:25,890 - SimuladorCIMARQ - INFO - 🔄 Iniciando ciclo de simulación - Sistema unificado
2025-11-06 21:46:25,891 - SimuladorCIMARQ - INFO - 📊 Datos Completos sin Nulos: T=12.0°C, pH=8.055, O2=6.85mg/L | MQTT=✅ | MongoDB=Via Backend
2025-11-06 21:46:25,892 - SimuladorCIMARQ - INFO - � MQTT Unificado: {temperatura: 12.0, ph: 8.055, oxigeno: 6.85, fecha: 1762476385892}
2025-11-06 21:46:25,892 - SimuladorCIMARQ - INFO - ✅ Ciclo completado en 0.00s | Éxito: 100.0% (1/1)
2025-11-06 21:46:25,893 - SimuladorCIMARQ - INFO - ⏰ Próximo ciclo: 21:51:25
2025-11-06 21:51:26,809 - SimuladorCIMARQ - INFO - 🔄 Iniciando ciclo de simulación - Sistema unificado
2025-11-06 21:51:26,811 - SimuladorCIMARQ - INFO - 📊 Datos Completos sin Nulos: T=12.0°C, pH=8.048, O2=6.87mg/L | MQTT=✅ | MongoDB=Via Backend
2025-11-06 21:51:26,811 - SimuladorCIMARQ - INFO - � MQTT Unificado: {temperatura: 12.0, ph: 8.048, oxigeno: 6.87, fecha: 1762476686811}
2025-11-06 21:51:26,812 - SimuladorCIMARQ - INFO - ✅ Ciclo completado en 0.00s | Éxito: 100.0% (1/1)
2025-11-06 21:51:26,813 - SimuladorCIMARQ - INFO - ⏰ Próximo ciclo: 21:56:26
2025-11-06 21:56:28,754 - SimuladorCIMARQ - INFO - 🔄 Iniciando ciclo de simulación - Sistema unificado
2025-11-06 21:56:28,755 - SimuladorCIMARQ - INFO - 📊 Datos Completos sin Nulos: T=12.0°C, pH=8.044, O2=6.84mg/L | MQTT=✅ | MongoDB=Via Backend
2025-11-06 21:56:28,756 - SimuladorCIMARQ - INFO - � MQTT Unificado: {temperatura: 12.0, ph: 8.044, oxigeno: 6.84, fecha: 1762476988756}
2025-11-06 21:56:28,756 - SimuladorCIMARQ - INFO - ✅ Ciclo completado en 0.00s | Éxito: 100.0% (1/1)
2025-11-06 21:56:28,757 - SimuladorCIMARQ - INFO - ⏰ Próximo ciclo: 22:01:28
2025-11-06 22:01:29,670 - SimuladorCIMARQ - INFO - 🔄 Iniciando ciclo de simulación - Sistema unificado
2025-11-06 22:01:29,672 - SimuladorCIMARQ - INFO - 📊 Datos Completos sin Nulos: T=12.0°C, pH=8.015, O2=6.42mg/L | MQTT=✅ | MongoDB=Via Backend
2025-11-06 22:01:29,672 - SimuladorCIMARQ - INFO - � MQTT Unificado: {temperatura: 12.0, ph: 8.015, oxigeno: 6.42, fecha: 1762477289672}
2025-11-06 22:01:29,673 - SimuladorCIMARQ - INFO - ✅ Ciclo completado en 0.00s | Éxito: 100.0% (1/1)
2025-11-06 22:01:29,673 - SimuladorCIMARQ - INFO - ⏰ Próximo ciclo: 22:06:29
2025-11-06 22:06:29,856 - SimuladorCIMARQ - INFO - 🔄 Iniciando ciclo de simulación - Sistema unificado
2025-11-06 22:06:29,857 - SimuladorCIMARQ - INFO - 📊 Datos Completos sin Nulos: T=12.0°C, pH=8.012, O2=6.43mg/L | MQTT=✅ | MongoDB=Via Backend
2025-11-06 22:06:29,858 - SimuladorCIMARQ - INFO - � MQTT Unificado: {temperatura: 12.0, ph: 8.012, oxigeno: 6.43, fecha: 1762477589857}
2025-11-06 22:06:29,858 - SimuladorCIMARQ - INFO - ✅ Ciclo completado en 0.00s | Éxito: 100.0% (1/1)
2025-11-06 22:06:29,859 - SimuladorCIMARQ - INFO - ⏰ Próximo ciclo: 22:11:29
2025-11-06 22:11:31,098 - SimuladorCIMARQ - INFO - 🔄 Iniciando ciclo de simulación - Sistema unificado
2025-11-06 22:11:31,100 - SimuladorCIMARQ - INFO - 📊 Datos Completos sin Nulos: T=12.0°C, pH=7.997, O2=6.4mg/L | MQTT=✅ | MongoDB=Via Backend
2025-11-06 22:11:31,100 - SimuladorCIMARQ - INFO - � MQTT Unificado: {temperatura: 12.0, ph: 7.997, oxigeno: 6.4, fecha: 1762477891100}
2025-11-06 22:11:31,101 - SimuladorCIMARQ - INFO - ✅ Ciclo completado en 0.00s | Éxito: 100.0% (1/1)
2025-11-06 22:11:31,102 - SimuladorCIMARQ - INFO - ⏰ Próximo ciclo: 22:16:31
2025-11-06 22:16:31,357 - SimuladorCIMARQ - INFO - 🔄 Iniciando ciclo de simulación - Sistema unificado
2025-11-06 22:16:31,358 - SimuladorCIMARQ - INFO - 📊 Datos Completos sin Nulos: T=12.0°C, pH=7.985, O2=6.36mg/L | MQTT=✅ | MongoDB=Via Backend
2025-11-06 22:16:31,359 - SimuladorCIMARQ - INFO - � MQTT Unificado: {temperatura: 12.0, ph: 7.985, oxigeno: 6.36, fecha: 1762478191359}
2025-11-06 22:16:31,359 - SimuladorCIMARQ - INFO - ✅ Ciclo completado en 0.00s | Éxito: 100.0% (1/1)
2025-11-06 22:16:31,360 - SimuladorCIMARQ - INFO - ⏰ Próximo ciclo: 22:21:31
2025-11-06 22:21:31,835 - SimuladorCIMARQ - INFO - 🔄 Iniciando ciclo de simulación - Sistema unificado
2025-11-06 22:21:31,836 - SimuladorCIMARQ - INFO - 📊 Datos Completos sin Nulos: T=12.0°C, pH=8.002, O2=6.41mg/L | MQTT=✅ | MongoDB=Via Backend
2025-11-06 22:21:31,837 - SimuladorCIMARQ - INFO - � MQTT Unificado: {temperatura: 12.0, ph: 8.002, oxigeno: 6.41, fecha: 1762478491837}
2025-11-06 22:21:31,838 - SimuladorCIMARQ - INFO - ✅ Ciclo completado en 0.00s | Éxito: 100.0% (1/1)
2025-11-06 22:21:31,838 - SimuladorCIMARQ - INFO - ⏰ Próximo ciclo: 22:26:31
2025-11-06 22:26:32,697 - SimuladorCIMARQ - INFO - 🔄 Iniciando ciclo de simulación - Sistema unificado
2025-11-06 22:26:32,698 - SimuladorCIMARQ - INFO - 📊 Datos Completos sin Nulos: T=12.0°C, pH=7.994, O2=6.41mg/L | MQTT=✅ | MongoDB=Via Backend
2025-11-06 22:26:32,699 - SimuladorCIMARQ - INFO - � MQTT Unificado: {temperatura: 12.0, ph: 7.994, oxigeno: 6.41, fecha: 1762478792699}
2025-11-06 22:26:32,700 - SimuladorCIMARQ - INFO - ✅ Ciclo completado en 0.00s | Éxito: 100.0% (1/1)
2025-11-06 22:26:32,701 - SimuladorCIMARQ - INFO - ⏰ Próximo ciclo: 22:31:32
2025-11-06 22:31:32,783 - SimuladorCIMARQ - INFO - 🔄 Iniciando ciclo de simulación - Sistema unificado
2025-11-06 22:31:32,785 - SimuladorCIMARQ - INFO - 📊 Datos Completos sin Nulos: T=12.0°C, pH=7.984, O2=6.37mg/L | MQTT=✅ | MongoDB=Via Backend
2025-11-06 22:31:32,785 - SimuladorCIMARQ - INFO - � MQTT Unificado: {temperatura: 12.0, ph: 7.984, oxigeno: 6.37, fecha: 1762479092785}
2025-11-06 22:31:32,786 - SimuladorCIMARQ - INFO - ✅ Ciclo completado en 0.00s | Éxito: 100.0% (1/1)
2025-11-06 22:31:32,786 - SimuladorCIMARQ - INFO - ⏰ Próximo ciclo: 22:36:32
2025-11-06 22:36:33,238 - SimuladorCIMARQ - INFO - 🔄 Iniciando ciclo de simulación - Sistema unificado
2025-11-06 22:36:33,240 - SimuladorCIMARQ - INFO - 📊 Datos Completos sin Nulos: T=12.0°C, pH=7.985, O2=6.41mg/L | MQTT=✅ | MongoDB=Via Backend
2025-11-06 22:36:33,241 - SimuladorCIMARQ - INFO - � MQTT Unificado: {temperatura: 12.0, ph: 7.985, oxigeno: 6.41, fecha: 1762479393241}
2025-11-06 22:36:33,241 - SimuladorCIMARQ - INFO - ✅ Ciclo completado en 0.00s | Éxito: 100.0% (1/1)
2025-11-06 22:36:33,242 - SimuladorCIMARQ - INFO - ⏰ Próximo ciclo: 22:41:33
2025-11-06 22:41:33,412 - SimuladorCIMARQ - INFO - 🔄 Iniciando ciclo de simulación - Sistema unificado
2025-11-06 22:41:33,413 - SimuladorCIMARQ - INFO - 📊 Datos Completos sin Nulos: T=12.0°C, pH=7.996, O2=6.38mg/L | MQTT=✅ | MongoDB=Via Backend
2025-11-06 22:41:33,414 - SimuladorCIMARQ - INFO - � MQTT Unificado: {temperatura: 12.0, ph: 7.996, oxigeno: 6.38, fecha: 1762479693414}
2025-11-06 22:41:33,415 - SimuladorCIMARQ - INFO - ✅ Ciclo completado en 0.00s | Éxito: 100.0% (1/1)
2025-11-06 22:41:33,416 - SimuladorCIMARQ - INFO - ⏰ Próximo ciclo: 22:46:33
2025-11-06 22:46:33,572 - SimuladorCIMARQ - INFO - 🔄 Iniciando ciclo de simulación - Sistema unificado
2025-11-06 22:46:33,573 - SimuladorCIMARQ - INFO - 📊 Datos Completos sin Nulos: T=12.0°C, pH=7.993, O2=6.41mg/L | MQTT=✅ | MongoDB=Via Backend
2025-11-06 22:46:33,575 - SimuladorCIMARQ - INFO - � MQTT Unificado: {temperatura: 12.0, ph: 7.993, oxigeno: 6.41, fecha: 1762479993574}
2025-11-06 22:46:33,576 - SimuladorCIMARQ - INFO - ✅ Ciclo completado en 0.00s | Éxito: 100.0% (1/1)
2025-11-06 22:46:33,576 - SimuladorCIMARQ - INFO - ⏰ Próximo ciclo: 22:51:33
2025-11-06 22:51:34,349 - SimuladorCIMARQ - INFO - 🔄 Iniciando ciclo de simulación - Sistema unificado
2025-11-06 22:51:34,352 - SimuladorCIMARQ - INFO - 📊 Datos Completos sin Nulos: T=12.0°C, pH=8.003, O2=6.36mg/L | MQTT=✅ | MongoDB=Via Backend
2025-11-06 22:51:34,353 - SimuladorCIMARQ - INFO - � MQTT Unificado: {temperatura: 12.0, ph: 8.003, oxigeno: 6.36, fecha: 1762480294353}
2025-11-06 22:51:34,353 - SimuladorCIMARQ - INFO - ✅ Ciclo completado en 0.00s | Éxito: 100.0% (1/1)
2025-11-06 22:51:34,354 - SimuladorCIMARQ - INFO - ⏰ Próximo ciclo: 22:56:34
2025-11-06 22:56:34,814 - SimuladorCIMARQ - INFO - 🔄 Iniciando ciclo de simulación - Sistema unificado
2025-11-06 22:56:34,816 - SimuladorCIMARQ - INFO - 📊 Datos Completos sin Nulos: T=12.0°C, pH=8.004, O2=6.34mg/L | MQTT=✅ | MongoDB=Via Backend
2025-11-06 22:56:34,817 - SimuladorCIMARQ - INFO - � MQTT Unificado: {temperatura: 12.0, ph: 8.004, oxigeno: 6.34, fecha: 1762480594817}
2025-11-06 22:56:34,817 - SimuladorCIMARQ - INFO - ✅ Ciclo completado en 0.00s | Éxito: 100.0% (1/1)
2025-11-06 22:56:34,818 - SimuladorCIMARQ - INFO - ⏰ Próximo ciclo: 23:01:34
2025-11-06 23:01:35,522 - SimuladorCIMARQ - INFO - 🔄 Iniciando ciclo de simulación - Sistema unificado
2025-11-06 23:01:35,524 - SimuladorCIMARQ - INFO - 📊 Datos Completos sin Nulos: T=12.0°C, pH=7.955, O2=6.01mg/L | MQTT=✅ | MongoDB=Via Backend
2025-11-06 23:01:35,524 - SimuladorCIMARQ - INFO - � MQTT Unificado: {temperatura: 12.0, ph: 7.955, oxigeno: 6.01, fecha: 1762480895524}
2025-11-06 23:01:35,525 - SimuladorCIMARQ - INFO - ✅ Ciclo completado en 0.00s | Éxito: 100.0% (1/1)
2025-11-06 23:01:35,525 - SimuladorCIMARQ - INFO - ⏰ Próximo ciclo: 23:06:35
2025-11-06 23:02:03,118 - SimuladorCIMARQ - INFO - 🛑 Señal de parada recibida, cerrando simulador...
2025-11-06 23:02:03,695 - SimuladorCIMARQ - INFO - 🧹 Cerrando conexiones...
2025-11-06 23:02:03,923 - SimuladorCIMARQ - WARNING - ⚠️ MQTT desconectado, código: 0
2025-11-06 23:02:03,930 - SimuladorCIMARQ - INFO - 📡 MQTT desconectado
2025-11-06 23:02:04,039 - SimuladorCIMARQ - INFO - 💾 MongoDB desconectado
2025-11-06 23:02:04,041 - SimuladorCIMARQ - INFO - ✅ Simulador cerrado correctamente
